time_id,0,1,2,3,4,5,6,7,8,9,10,11,12,13,14,15,16,17,18,19,20,21,22,23,24,25,26,27,28,29,30,31,32,33,34,35,36,37,38,39,40,41,42,43,44,45,46,47,48,49,50,51,52,53,54,55,56,57,58,59,60,61,62,63,64,65,66,67,68,70,71,72,73,74,75,76,77,80,81,82,83,84,85,86,87,88,89,90,91,92,93,94,95,96,97,98,99,100,101,103,104,105,106,107,108,109,110,111,112,113,114,115,116,117,118,119,120,121,122,123,124,125,126,127,128,129,130,131,132,133,134,136,137,138,139,140,141,142,143,144,145,146,147,148,149,151,152,154,155,157,158,159,160,161,162,163,164,165,166,167,168,169,170,171,172,173,174,175,176,177,178,179,180,181,182,183,184,185,186,187,188,189,190,191,192,193,194,195,196,197,198
0,1.0,1.0,1.0,1.0,1.0,1.0,1.0,1.0,1.0,1.0,1.0,1.0,1.0,1.0,1.0,1.0,1.0,1.0,1.0,1.0,1.0,1.0,1.0,1.0,1.0,1.0,1.0,1.0,1.0,1.0,1.0,1.0,1.0,1.0,1.0,1.0,1.0,1.0,1.0,1.0,1.0,1.0,1.0,1.0,1.0,1.0,1.0,1.0,1.0,1.0,1.0,1.0,1.0,1.0,1.0,1.0,1.0,1.0,1.0,1.0,1.0,1.0,1.0,1.0,1.0,1.0,1.0,1.0,1.0,1.0,1.0,1.0,1.0,1.0,1.0,1.0,1.0,1.0,1.0,1.0,1.0,1.0,1.0,1.0,1.0,1.0,1.0,1.0,1.0,1.0,1.0,1.0,1.0,1.0,1.0,1.0,1.0,1.0,1.0,1.0,1.0,1.0,1.0,1.0,1.0,1.0,1.0,1.0,1.0,1.0,1.0,1.0,1.0,1.0,1.0,1.0,1.0,1.0,1.0,1.0,1.0,1.0,1.0,1.0,1.0,1.0,1.0,1.0,1.0,1.0,1.0,1.0,1.0,1.0,1.0,1.0,1.0,1.0,1.0,1.0,1.0,1.0,1.0,1.0,1.0,1.0,1.0,1.0,1.0,1.0,1.0,1.0,1.0,1.0,1.0,1.0,1.0,1.0,1.0,1.0,1.0,1.0,1.0,1.0,1.0,1.0,1.0,1.0,1.0,1.0,1.0,1.0,1.0,1.0,1.0,1.0,1.0,1.0,1.0,1.0,1.0,1.0,1.0,1.0,1.0,1.0,1.0,1.0,1.0,1.0,1.0
1,0.999892,0.999973,1.00029,0.999876,1.000338,1.000137,1.000347,1.000803,1.000119,1.001293,1.000245,1.000368,1.000741,0.999787,1.000481,1.00047,0.999059,1.000402,0.999501,1.001529,0.999839,0.999731,1.002134,1.000284,1.000005,1.000023,1.000225,0.999472,1.001124,1.001523,1.000745,1.001672,1.000733,1.000138,0.999819,1.000749,1.000403,1.000351,1.000566,1.000004,1.000465,1.000559,0.999988,1.000757,1.000084,0.999987,1.002683,1.001409,1.000016,1.001455,1.000566,1.000966,1.000709,1.000174,0.999778,1.000091,1.00086,1.000838,1.000026,1.000013,0.999977,1.000954,1.000503,1.000193,0.998476,1.001037,0.999935,1.000011,1.000442,1.002279,1.000019,0.999942,1.000342,1.000556,1.000011,1.00059,1.00026,0.999624,1.000079,1.00088,1.000165,1.00062,1.000778,1.000175,1.001884,1.000064,1.00017,1.000586,1.000164,0.999843,1.001661,0.999337,1.00024,1.000449,0.999736,1.000394,1.001132,1.000109,1.001328,1.000341,1.000216,1.000156,1.000066,1.001783,1.000579,0.999997,1.000051,1.000603,0.999912,0.999085,0.999581,1.000499,1.00057,1.0005,1.000523,1.000282,1.000426,0.999984,1.000128,1.000817,1.001491,1.000519,1.00028,1.000015,1.000292,1.00134,1.000217,1.000361,0.999214,1.000019,1.000533,1.000457,1.000693,1.000082,1.000573,0.999901,1.000591,1.000289,1.000101,1.000163,1.000927,0.999786,1.001058,1.001013,1.000107,0.999975,0.999909,1.000363,1.000443,1.000065,0.999486,1.000862,0.999998,1.000209,1.000569,0.999876,1.000958,1.000925,1.000808,1.000394,1.00035,0.999683,1.00074,1.000148,1.000105,1.00052,1.002086,1.000138,1.000324,1.000985,0.999888,0.999971,1.000697,1.00039,1.000388,1.000361,1.00027,1.00058,1.000326,1.00016,1.001833,1.000741,1.000016,1.001131,1.000626,0.999751,1.001251,1.000333,1.000505,0.999915,1.000222
2,0.999842,0.999973,0.999857,1.000064,0.999895,1.000575,1.000152,1.001044,0.999957,1.001574,1.000586,1.000899,1.000989,0.999652,1.000849,1.000683,1.000013,1.000992,0.999552,1.001529,1.000475,1.000006,1.002016,1.000658,1.000165,1.000018,1.000682,1.000794,1.000397,1.001217,1.000785,1.001683,1.00088,1.000296,0.999809,1.000435,1.000539,1.000194,1.00085,0.999964,1.000525,1.00091,0.999988,1.000217,1.000119,1.000399,1.00267,1.001073,1.00016,1.001706,1.000556,1.000895,1.00075,1.000158,1.000087,1.000096,1.000663,1.001461,1.000416,1.000183,1.00035,1.001249,1.001093,1.000229,0.999196,1.001052,0.999696,0.999425,1.000506,1.002581,0.998846,0.999971,1.000453,1.000606,0.999812,1.000797,1.00029,0.999582,1.001077,1.000772,1.000254,1.000469,1.000225,1.001108,1.001607,1.000252,1.000821,1.00059,1.000337,0.999843,1.001776,0.999921,1.000646,1.000665,1.001111,1.000445,1.001119,1.000109,1.00157,1.000307,1.000243,1.0002,0.999843,1.001783,1.000381,1.000016,1.000387,1.000497,1.000185,1.0,0.999835,1.000936,1.000508,1.000409,0.999819,1.000973,1.000553,1.000052,1.000213,1.000778,1.00027,1.000938,1.000233,1.000907,1.00044,1.001974,1.00048,1.000539,0.998996,0.999994,1.000495,1.000367,1.001256,0.99978,1.00034,1.000434,1.00048,1.000301,1.000031,1.000254,1.00145,1.000081,1.001026,1.001009,1.000185,1.000021,0.999765,1.000097,1.000561,1.000477,0.999703,1.000884,1.000115,1.000396,1.000294,1.0001,1.000947,1.00082,1.001081,1.000304,1.000685,0.999857,1.001269,1.000357,1.000105,1.000831,1.003072,1.000489,1.00069,1.001591,1.000162,0.999689,1.000789,1.00031,1.000548,1.000598,1.00037,1.000778,1.000351,1.00055,1.0031,1.000862,0.999987,1.001488,1.000331,0.999653,1.001062,1.000388,1.000472,1.00005,1.000401
3,1.000085,1.00012,0.99987,1.000024,1.000071,1.001085,1.000262,1.000297,0.999598,1.001407,1.000509,1.001357,1.00105,0.999594,1.000887,1.000572,0.999655,1.000677,0.999709,1.001438,1.000478,0.99945,1.001931,1.00059,1.000526,1.000437,1.000726,1.000646,1.000306,1.001732,1.000876,1.000692,1.000653,0.999937,1.000244,1.000282,1.000674,1.000176,1.001224,1.000165,1.000706,1.001012,0.999988,1.00019,1.000942,1.000368,1.002975,1.001868,1.000086,1.001487,1.00125,1.001293,1.000923,0.999989,0.999959,1.000121,1.00085,1.0015,1.000469,1.000069,1.000242,1.001389,1.000504,1.000274,0.998547,1.001478,0.999974,0.999677,1.000674,1.002715,0.998422,0.999879,1.000462,1.000903,0.999886,1.000708,1.000354,0.999357,1.001297,1.00144,1.000447,1.000792,0.999057,1.001086,1.001812,1.000336,1.000867,1.000663,1.00051,0.999515,1.00173,0.999811,1.000513,1.000559,1.001055,0.999742,1.001448,1.000395,1.001534,1.000546,1.000118,1.000349,0.999767,1.001311,1.001016,1.000273,1.000178,0.999581,1.000081,1.000225,1.000096,1.000507,1.000672,1.001117,0.999216,1.000969,1.000846,1.000296,1.000547,1.001077,1.000241,1.001526,1.000138,1.001199,1.000845,1.001395,1.000166,1.000554,0.999631,1.000336,1.00053,1.000369,1.001203,0.999759,1.00051,1.00023,0.999999,1.000346,0.999943,1.000425,1.00119,1.000302,1.000929,1.001229,1.000303,1.000041,0.998826,1.000019,1.001131,1.000109,0.999427,1.000362,1.000211,1.000257,1.000483,1.000082,1.001139,1.001115,1.001077,1.000408,1.000766,0.999794,1.001177,1.000185,1.000103,1.00063,1.003443,1.000478,1.000719,0.998926,1.000838,0.999474,1.000775,1.000631,1.000611,1.000596,1.000335,1.001165,1.000174,1.000506,1.002309,1.001056,1.000892,1.001481,1.000461,0.999581,1.000811,1.000366,1.000268,1.000049,1.000429
4,1.000317,1.000248,0.999397,1.000334,1.000043,1.001143,1.000262,1.00015,1.000207,1.00171,1.000534,1.001858,1.001123,0.999485,1.001013,1.000567,0.999782,1.000863,1.000063,1.001644,0.999924,0.999528,1.001597,1.000861,1.001155,1.000545,1.000893,1.000849,1.000944,1.001117,1.001262,1.000601,1.001153,0.999754,1.000149,1.000665,1.000957,1.000293,1.001427,1.00031,1.00064,1.001063,1.000066,1.000153,1.001312,1.000532,1.003429,1.002588,1.000195,1.001963,1.00141,1.001176,1.000804,1.000182,1.000374,1.000501,1.000513,1.001204,1.000444,1.000048,1.000342,1.001717,1.000538,1.000342,0.998558,1.002064,0.999875,0.999878,1.000743,1.001449,0.999464,1.000059,1.000517,1.001121,1.000045,1.000605,1.000193,0.998865,1.002637,1.001423,1.000753,1.000814,0.999057,1.000866,1.001531,1.000574,1.000871,1.001249,1.000887,0.994965,1.001974,0.999811,1.000908,1.000608,1.001067,0.999758,1.001689,1.000297,1.001534,1.000618,1.000045,1.000402,1.000028,1.001728,1.000492,1.000264,1.000287,0.999341,1.000425,1.000343,0.999586,1.000224,1.000604,1.001063,0.998508,1.000484,1.000923,1.000324,1.000645,1.001069,0.999944,1.001526,1.000363,1.00093,1.001041,1.001036,1.000233,1.001336,0.999624,1.000486,1.00058,1.00056,1.001073,1.000015,1.000578,1.000525,1.00016,1.000855,0.999887,1.000577,1.001483,1.000494,1.001003,1.00173,1.000647,1.000232,0.998408,1.000037,1.001216,1.000464,0.998525,1.000477,1.000425,1.000047,1.000099,1.000201,1.000897,1.001142,1.001238,1.00051,1.000868,0.999943,1.001324,1.000208,1.000193,1.00063,1.003297,1.000505,1.00111,0.998906,1.001055,0.999603,1.00077,1.000736,1.000869,1.000614,1.000368,1.001167,1.000329,1.000798,1.002097,1.000885,1.00105,1.001549,1.000034,0.999576,1.000429,1.000773,1.000453,0.999982,1.000523
5,1.000434,1.000248,1.000896,1.000466,1.000199,1.001135,1.000063,1.000331,1.000142,1.001722,1.000534,1.001076,1.001341,0.999571,1.000899,1.000453,1.000049,1.000366,1.00019,1.001662,1.000364,0.999627,1.001766,1.000941,1.001115,1.00056,1.000918,1.001126,1.000783,1.001267,1.001173,1.000585,1.001235,1.000758,1.000455,1.000584,1.001155,1.000412,1.001502,1.000349,1.000396,1.001241,1.000066,1.000508,1.00163,1.00059,1.003427,1.002031,1.000045,1.00185,1.001205,1.001052,1.001056,1.000166,1.000344,1.000694,1.001071,1.001501,1.000472,1.000493,1.000745,1.001683,1.000605,1.000592,0.998558,1.002091,0.999861,0.999531,1.000949,1.002069,0.998391,0.999991,1.000535,1.000814,0.999949,1.000588,1.000187,0.998383,1.00248,1.001424,1.000364,1.001155,0.99877,1.002679,1.001486,1.000257,1.000386,1.001039,1.000896,0.994595,1.001911,0.999807,1.000036,1.000387,1.001203,0.99975,1.001971,1.000259,1.001548,1.000743,1.000226,1.000538,1.000029,1.000872,0.999727,1.000258,1.000299,0.999352,1.000451,1.000455,1.000776,0.999873,1.001086,1.001071,0.999049,1.000871,1.00111,1.000633,1.000624,1.001231,0.999984,1.001566,1.000142,1.000958,1.000912,1.001036,1.000197,1.001333,0.999166,1.000536,1.001229,1.000536,1.001354,1.000015,1.000784,1.000501,0.999887,1.000378,1.0002,1.000574,1.001258,1.000876,1.000963,1.001686,1.000647,1.000244,0.998791,1.000032,1.001251,1.000342,0.998525,1.000528,1.000558,1.000162,1.00012,1.000445,1.001282,1.001176,1.001274,1.000522,1.000869,0.999966,1.001462,1.000405,0.999754,1.000634,1.003906,1.001096,1.001382,0.997131,1.001389,0.999615,1.000801,1.000791,1.001145,1.000376,1.000576,1.00112,1.000332,1.00079,1.002097,1.001411,1.000928,1.001567,0.999896,0.999984,1.000802,1.000697,1.00066,1.000076,1.000448
6,1.000517,1.000268,0.999981,1.000419,1.000086,1.001498,1.00057,1.000625,1.000223,1.001617,1.001356,1.001076,1.00166,0.999745,1.001052,1.000993,1.000003,1.000462,0.999676,1.001251,1.000403,0.999667,1.001717,1.001065,1.001269,1.000565,1.000786,1.000814,1.000652,1.001284,1.001262,1.000682,1.001601,1.001263,1.000044,1.00084,1.001174,1.000777,1.001603,1.000351,1.000683,1.001317,0.999753,1.000486,1.001134,1.000676,1.002535,1.001839,1.000045,1.001747,1.001247,1.001491,1.000921,1.000189,1.000453,1.0007,1.001868,1.001503,1.000692,1.000461,1.000709,1.001133,1.0022,1.001024,0.998547,1.002083,1.000317,0.999623,1.001228,1.001788,0.999035,1.000263,1.000565,1.001156,1.000153,1.000622,1.000848,0.999856,1.002489,1.001474,1.000712,1.001459,0.998934,1.003873,1.001518,1.000315,1.000564,1.000972,1.001104,0.996586,1.001872,0.999813,0.99999,1.000321,1.00195,1.000574,1.002188,1.000297,1.001665,1.000645,1.0003,1.000693,1.000017,1.000874,1.000219,1.000556,1.000617,1.000098,1.00068,1.000305,1.000522,1.000285,1.00116,1.001083,1.000047,1.001238,1.001175,1.000618,1.001773,1.001232,0.999979,1.001729,0.999962,1.001404,1.000887,1.00104,1.000287,1.001411,0.999055,1.000618,1.00124,1.000536,1.001043,1.000016,1.001099,1.000699,0.999913,1.000408,1.000133,1.000517,1.001536,1.000904,1.000979,1.001951,1.000621,1.000567,0.998412,1.000328,1.001253,1.000909,0.998458,1.000174,1.000563,1.000421,1.00021,1.000567,1.001311,1.001262,1.001312,1.000918,1.000918,0.999677,1.001423,1.000474,0.999048,1.000672,1.002741,1.001158,1.001872,0.997228,1.00169,0.999674,1.000857,1.00085,1.002281,1.000382,1.000347,1.001122,1.000453,1.001458,1.002722,1.001368,1.001457,1.002015,0.999668,1.000172,1.00122,1.000752,1.00074,0.999976,1.000769
7,1.000421,1.000301,1.000033,1.000263,1.000156,1.001398,1.000409,1.000492,1.000531,1.00172,1.001223,1.001399,1.00173,0.999825,1.000854,1.001088,0.999994,0.999504,1.000153,1.001732,1.000399,0.999462,1.00259,1.001562,1.001299,1.00059,1.000755,1.000944,1.000757,1.00134,1.001152,1.000672,1.0013,1.001348,1.000672,1.00054,1.001338,1.000701,1.001535,1.000364,1.001252,1.001304,0.999753,1.000897,1.001409,1.000628,1.003308,1.002272,0.999985,1.001687,1.001715,1.0011,1.000433,1.000157,1.000116,1.00067,1.001579,1.001305,1.000141,1.000138,1.001199,1.001228,1.004205,1.000624,0.998545,1.00185,1.000271,1.000401,1.001162,1.002262,0.998719,1.000148,1.000489,1.000737,1.000033,1.000476,1.000979,1.000536,1.003675,1.001107,1.000696,1.001078,0.998762,1.006471,1.001516,1.000381,1.000811,1.001313,1.000965,0.996025,1.001597,0.999822,1.000294,0.999927,1.001173,1.00156,1.002425,1.000297,1.001783,1.000698,1.000237,1.000688,1.000042,1.000922,1.000187,1.000456,1.00056,1.000483,1.000787,1.000474,1.001069,1.000425,1.001118,1.001056,1.000047,1.001238,1.001313,1.000531,1.002236,1.001097,1.000004,1.001729,0.999725,1.000926,1.000933,1.001599,1.000343,1.002059,0.999056,1.000625,1.001324,1.001092,1.000146,1.000032,1.001088,1.000709,0.999632,1.000667,1.000041,1.000475,1.001335,1.000452,1.00099,1.001777,1.000614,1.000764,0.999288,0.999983,1.001258,1.000854,1.001098,1.000096,1.000562,1.000995,1.000777,1.000307,1.001263,1.001274,1.001323,1.000823,1.000997,0.999955,1.001355,1.000746,0.997471,1.001084,1.002577,1.001158,1.001848,0.997228,1.001782,0.999505,1.000996,1.001013,1.00224,1.000283,1.000675,1.001445,1.000327,1.001336,1.002964,1.001195,1.000927,1.001882,0.999555,1.000066,1.000838,1.000691,1.000669,0.999964,1.000571
8,1.000148,0.99921,0.999103,0.999744,0.99971,1.00056,1.000329,0.99972,0.999429,1.001131,1.000695,1.000934,1.001792,0.999016,1.00088,1.000431,0.999637,0.999251,1.000245,1.002736,1.000638,0.99896,1.001667,1.001052,1.001112,1.000286,1.000591,1.000111,1.000842,1.001333,1.001313,0.999771,1.00075,1.000176,1.000102,1.00016,1.001108,1.000125,1.001331,0.999479,1.000382,1.000523,0.998295,1.000371,1.001455,1.000223,1.001321,1.002702,0.999455,1.001229,1.001314,1.001957,1.000084,1.000018,1.000402,1.000251,1.001253,1.000757,1.000094,0.999683,1.000014,1.000099,1.001199,1.000232,0.99855,1.001706,1.000222,0.999702,1.001075,1.001765,0.998838,1.000029,1.000231,1.000382,0.999745,1.000228,1.001295,1.000624,1.003176,0.999975,1.000478,1.000797,0.99798,1.006111,0.999497,1.000054,1.000181,1.001169,1.000068,0.997716,1.001071,0.999197,0.998977,0.999468,1.000338,1.001354,1.001844,1.000297,1.001701,1.000134,0.999802,1.000552,0.999621,1.001052,1.000009,1.000446,1.000018,0.999314,1.000439,0.999328,1.000753,1.000076,1.001046,1.001032,1.000047,1.001195,1.001269,1.000554,1.002084,1.001343,0.998803,1.001726,0.999385,1.001601,0.99993,1.001596,1.000053,1.002249,0.999326,1.000164,1.001429,1.00046,0.999291,0.999754,0.999796,1.000257,0.999492,1.000331,0.999714,1.000261,1.001305,0.999197,1.000356,1.001799,1.000577,1.000766,0.998699,0.999926,1.001258,1.000513,1.000618,0.998883,1.000599,1.000442,0.999459,1.0001,1.000726,1.001149,1.001014,1.000662,1.000756,0.999428,1.000848,1.000206,0.997469,1.00035,1.000232,1.000547,1.001527,0.998898,1.001847,0.999256,1.000704,1.000494,1.001618,1.000085,0.999563,1.001258,1.000158,1.001109,1.001432,1.001991,1.000408,1.000774,0.998943,0.999753,0.999945,1.000862,1.000352,0.999252,1.000545
9,1.000426,0.999401,0.999085,0.999933,0.999609,1.000572,1.000114,0.999402,0.999285,1.000527,1.000692,0.999791,1.00165,0.998837,1.000607,1.00009,0.999368,0.999283,1.000399,1.003013,1.000266,0.998874,1.000503,1.000784,1.001168,1.000316,0.999867,1.000073,1.000744,1.001094,1.001374,0.999784,1.000462,0.999533,1.000712,0.999926,1.000886,1.000006,1.001377,0.999477,0.999735,1.000369,0.997996,1.000448,1.000899,1.000175,1.001221,1.002602,0.999094,1.000671,1.001157,1.000836,0.99945,1.000052,1.000063,1.000116,1.001263,1.000476,0.999929,0.999477,0.999849,0.999618,1.00145,0.99985,1.00008,1.001621,1.000267,1.000128,1.00086,1.001697,0.999493,0.999642,1.000501,1.000407,0.999588,1.000113,1.000857,1.001097,1.003096,0.99861,1.000387,1.000921,0.997312,1.008073,1.000367,0.999957,0.999944,1.001255,0.999724,0.996028,1.000301,0.999133,0.999299,0.999382,1.00109,1.000931,1.001996,1.000857,1.001701,0.999685,0.999605,1.000643,0.999643,1.00118,0.999284,1.000089,1.000179,0.998302,1.000479,0.999844,0.999699,1.000489,1.000743,1.00102,0.99903,1.001186,1.001298,1.000861,1.001505,1.001072,0.99872,1.001941,0.99923,1.001601,0.999823,1.001144,0.999693,1.002558,0.999157,1.000663,1.001418,1.000277,0.999312,0.998441,0.999573,1.000181,0.999348,1.000425,0.999546,1.000293,1.000908,0.9992,1.000316,1.001558,1.000536,1.000779,0.998889,0.999638,1.001323,1.000333,1.000601,0.998521,1.000804,0.999975,0.999374,1.000246,1.000686,1.000696,1.001184,1.000526,1.000763,0.999268,1.001089,1.000031,0.997706,1.000025,0.999674,1.000428,1.001485,0.998188,1.002386,0.999457,1.000758,1.000235,1.000975,1.000188,0.998885,1.000759,1.000241,1.001003,1.001171,1.002206,1.000361,1.001408,0.998592,0.999786,0.999673,1.000865,1.000219,1.000015,1.000526
10,1.000261,0.9992,0.998997,0.999727,0.999181,1.000563,1.000109,0.999657,0.999525,1.000516,1.000693,0.999296,1.001521,0.998709,1.0005,1.000088,1.000139,0.998912,1.000522,1.002372,1.00026,0.998916,0.998781,1.00084,1.001172,1.000328,0.999765,1.000057,0.999803,1.001282,1.001204,0.999744,1.000151,0.999802,1.000709,0.999926,1.000733,0.999971,1.001613,0.999471,0.999356,1.000344,0.998135,1.000647,1.000922,1.000242,1.00309,1.002598,0.999094,1.000654,1.000782,1.000898,0.99962,1.00019,0.999998,1.000079,1.000184,1.000786,1.000025,0.999208,0.999384,0.999351,1.000622,0.999782,1.000811,1.001628,1.000334,1.000246,1.00088,1.001165,0.999394,0.999497,1.000468,1.000297,0.999566,0.999904,1.000937,1.000798,1.003478,0.998011,1.000401,1.000944,0.996181,1.00902,1.000192,1.000244,0.99977,1.001229,0.999843,0.996028,1.000451,0.999148,0.999425,0.999128,1.000854,1.000862,1.001959,1.002557,1.001457,0.999843,0.999577,1.000641,0.999337,0.999526,0.999088,0.999825,1.000296,0.998048,1.000491,0.999335,0.999699,1.000414,1.000744,1.000386,0.998399,1.001183,1.0013,1.00089,1.00107,1.00102,0.99872,1.001648,0.999063,1.001006,0.9995,1.001202,0.99957,1.002567,0.99899,1.00061,1.001334,1.000279,0.999036,0.999485,0.999667,1.000298,0.999309,1.000307,0.999206,0.999943,1.001028,0.999028,0.999725,1.001505,1.000538,1.000786,0.998873,0.99956,1.001428,1.000491,1.000149,0.998078,1.000745,0.999215,0.998846,1.000132,1.000723,1.000591,1.001202,1.000558,1.000994,0.99999,1.000816,0.999974,0.997704,1.000135,0.998586,1.000427,1.001321,0.997889,1.002161,0.999267,1.001217,1.000212,1.000524,1.000052,0.998949,1.000572,1.00029,1.001116,1.001041,1.002243,1.000476,1.001079,0.998738,0.999773,0.998906,1.000851,0.999945,0.999417,1.000618
11,1.000042,0.9992,0.998814,0.999755,0.999006,1.000558,0.999811,0.999431,0.999577,1.000402,1.000699,0.998871,1.001109,0.998447,1.000366,1.000168,0.999608,0.99884,0.999884,1.002588,1.000223,0.998919,0.998679,1.000307,1.001155,1.000392,0.99967,0.999769,0.999737,1.00098,1.001418,0.999737,1.000055,0.999411,1.000715,0.999454,1.000529,0.999846,1.00155,0.999286,0.999543,1.000355,0.998503,1.000225,1.000668,1.000208,1.000886,1.002657,0.999007,1.000305,1.000039,1.000929,0.999199,0.999531,1.000034,0.999923,0.999766,1.000786,0.999968,0.999375,0.999382,0.999373,1.000697,0.999783,1.000605,1.001687,1.000283,0.999545,1.000673,1.001246,0.999437,0.999352,1.00045,1.000262,0.999573,0.99989,1.00083,1.000967,1.002907,0.997924,1.000583,1.000836,0.996282,1.007562,0.999929,1.000008,0.999012,1.00076,1.000025,0.998395,1.000476,0.99893,0.999118,0.99912,1.000957,0.999738,1.001901,1.002652,1.000741,0.999898,0.999403,1.000645,0.999297,0.99967,0.998732,0.999454,1.000338,0.998329,1.000417,0.99936,0.999687,1.0005,1.000634,1.000382,0.999087,1.001262,1.001023,1.001083,1.000985,1.00091,0.99872,1.001603,0.9989,1.000998,0.999509,1.000815,0.999507,1.002605,0.998993,1.000651,1.001281,1.000282,0.99916,0.999415,0.999528,1.000098,0.998941,1.000273,0.999285,0.999919,1.000994,0.999025,0.999796,1.001543,1.000523,1.000788,0.998906,0.999317,1.001501,1.000495,1.000207,0.997595,1.00082,0.998893,0.998721,1.000307,1.00073,1.000707,1.001075,1.000509,1.001132,1.000011,1.000975,0.999762,0.997704,1.000135,0.998032,1.000569,1.001654,0.998175,1.002495,0.999472,1.001143,1.000022,1.000567,1.000008,0.999423,1.000382,1.000192,1.000965,1.001229,1.002464,1.000287,1.001493,0.999188,0.999509,0.99892,1.000853,1.000014,0.999971,1.000612
12,0.999895,0.999199,1.000287,0.999502,0.998106,1.000558,1.00041,0.999963,0.999068,1.000072,1.000789,0.998997,1.000969,0.998378,1.000246,1.000355,0.999997,0.998767,0.999738,1.002914,1.000271,0.999044,0.998426,1.000386,1.001138,1.000261,0.999198,1.000276,0.999862,1.000931,1.001664,0.999712,1.000237,1.000007,1.000253,0.999429,1.000714,0.999633,1.001511,0.999431,0.999439,1.000349,0.996177,1.000193,1.000584,1.000189,1.000646,1.002389,0.999287,1.000367,0.999913,1.000731,0.999338,0.999255,1.000034,0.999924,0.999967,1.000476,1.000115,0.999263,0.999664,0.999517,1.001049,0.999347,1.000567,1.001907,1.000406,1.000514,1.000709,1.00186,0.9988,0.99954,1.000507,1.000292,0.999465,0.999834,1.000536,1.000831,1.002936,0.997996,1.000766,1.000593,0.996282,1.007531,1.000091,1.000115,0.999305,1.001162,0.999864,0.998314,1.000096,0.998979,0.999536,0.999337,1.000815,0.999726,1.00172,1.002652,1.001701,0.999981,0.999376,1.000644,0.999009,0.999884,0.998677,0.999488,1.000717,0.998321,1.000555,0.999609,0.999262,1.000279,1.000652,1.000373,0.9987,1.001795,1.001027,1.001149,1.000644,1.000968,0.998802,1.001473,0.999033,1.0011,0.999464,1.00195,0.999597,1.003111,0.998832,1.000647,1.001306,1.000277,0.999342,0.999229,0.999557,1.000048,0.998985,1.000169,0.999293,0.999719,1.00034,0.999027,0.999448,1.001911,1.000586,1.000749,0.998453,0.999745,1.001442,1.000368,1.000075,0.99739,1.000777,0.999427,0.998516,1.000323,1.000783,1.000766,1.001296,1.000572,1.001131,1.000002,1.001039,0.999373,0.997704,1.0,0.997098,1.000732,1.002031,0.997319,1.002792,0.999408,1.001153,1.000041,1.000319,1.000052,0.999387,1.000291,1.000198,1.000938,1.000304,1.002061,1.000352,1.001347,0.999108,0.999466,0.998769,1.001325,0.999871,0.999778,1.000598
13,0.999962,0.999024,1.000287,0.999849,0.998082,1.000556,0.999851,0.999942,0.998706,0.999678,1.000838,0.999011,1.001052,0.998306,1.000188,1.000469,1.000186,0.999274,0.999678,1.002966,0.999957,0.998791,0.998679,1.00053,1.001718,1.000168,0.999186,1.000058,0.999731,1.000822,1.001612,0.999699,1.000226,0.999906,1.000243,0.999553,1.000867,1.000051,1.001138,0.999675,0.999082,1.000168,0.998364,1.00027,1.000734,1.000261,1.000646,1.002431,0.999009,1.000368,0.999386,1.000607,0.998841,0.999252,0.999762,0.99992,0.999813,1.001344,0.999791,0.998885,1.000141,0.99988,1.00104,0.999296,1.000478,1.001911,1.000721,1.000484,1.000698,1.001821,0.999513,0.999449,1.000511,0.999545,0.99927,0.999902,1.000504,1.000842,1.003104,0.998009,1.000781,1.000431,0.996271,1.007147,0.999144,1.000067,0.999305,1.001184,0.999861,0.997993,1.000059,0.998966,0.99884,0.999093,1.000698,0.999379,1.001664,1.002747,1.001169,0.999876,0.999387,1.000484,0.99893,0.99988,0.998454,0.999528,1.000247,0.998023,1.000412,0.999713,0.998232,1.000092,1.000728,1.000369,0.999188,1.001687,1.001102,1.000501,1.000558,1.000936,0.998717,1.003061,0.999164,1.001228,0.999498,1.001741,0.999539,1.002413,0.998527,1.000935,1.001324,0.999675,0.999188,0.999231,0.99937,1.000018,0.998973,1.000447,0.999236,0.999697,1.000263,0.999023,0.999317,1.002074,1.000506,1.000752,0.998333,0.999751,1.001251,1.00037,0.9998,0.998182,1.000584,0.999454,0.998515,1.000236,1.000796,1.000775,1.001028,1.000448,1.001175,0.999609,1.000629,0.999645,0.997847,0.999774,0.996929,1.000623,1.001669,0.997532,1.002362,0.999257,1.000881,1.000425,1.000324,1.000217,0.999489,1.000217,1.000157,1.000948,1.000338,1.001754,1.000322,1.000935,0.999043,0.999319,0.998752,1.00142,0.999874,0.999823,1.000602
14,0.999826,0.999056,1.000293,0.999581,0.99788,1.000561,1.000395,0.999973,0.998826,0.999684,1.000828,0.999568,1.001031,0.998496,1.000474,1.000011,0.999593,0.999286,0.999496,1.003328,0.999907,0.998614,1.000431,1.000474,1.001785,0.999854,0.999164,0.99979,0.999862,1.001231,1.001214,0.999702,1.000408,0.999974,0.999899,0.999999,1.000919,0.999776,1.001204,0.999497,0.999141,0.999778,0.997393,0.999837,1.000803,1.000252,1.000721,1.002955,0.998866,1.000356,0.999591,1.000674,0.999126,0.999242,1.000016,1.000029,1.000861,1.00124,0.999822,0.998664,1.000063,1.000054,1.000977,0.999281,1.000478,1.001449,1.000721,1.000408,1.000686,1.001769,0.99909,0.999312,1.00052,1.000077,0.999191,0.999995,1.000398,1.000827,1.002943,0.998939,1.000556,1.00015,0.996278,1.006491,0.999486,1.000013,0.998951,1.0011,0.999891,0.997696,0.999954,0.998966,0.998501,0.999142,1.000686,0.999332,1.001404,1.002726,1.001169,1.000346,0.99937,1.000304,0.998987,1.00027,0.99873,0.999485,0.999919,0.997822,1.00021,0.9997,0.998228,1.000101,1.000853,1.000348,0.999945,1.000985,1.001038,1.000544,1.000463,1.000874,0.998327,1.003279,0.999238,1.000973,0.999554,1.003184,0.999186,1.002363,0.998297,1.000498,1.001316,0.999806,0.999188,0.999231,0.999225,0.99979,0.998883,1.000526,0.999247,0.999317,1.000235,0.998918,0.99929,1.001582,1.000546,1.000714,0.998455,0.999738,1.001252,1.000576,0.999482,0.998691,1.000431,0.999184,0.998621,1.000237,1.000839,1.000823,1.000976,1.000333,1.001341,0.999396,1.000685,0.999467,0.997785,0.999772,0.997942,1.000384,1.00162,0.99819,1.002288,0.999198,1.001143,1.000037,1.000252,1.000066,0.999494,1.000032,1.000006,1.000853,1.00026,1.001694,1.000389,1.001345,0.99913,0.999412,0.99881,1.000838,0.999881,0.999851,1.000604
15,0.999787,0.999066,1.000293,0.99949,0.998292,1.000978,1.000294,0.999888,0.999042,0.999601,1.000792,0.999345,1.001209,0.998499,1.000419,0.999678,1.000044,0.998946,0.999746,1.003322,1.000205,0.998956,1.000406,1.000634,1.001821,0.999749,0.999372,0.999812,0.999819,1.001216,1.001114,0.999686,1.000277,1.000019,1.000504,0.999923,1.001134,0.999529,1.001088,0.999518,0.998921,1.0,0.997541,0.999901,1.000609,1.000261,1.00221,1.002821,0.998839,1.000455,0.999428,1.000498,0.999068,0.999445,0.999841,0.999937,1.000395,1.00057,0.999973,0.998665,1.000034,1.000179,1.000961,0.999339,1.000059,1.001388,1.000747,1.001223,1.000684,1.001545,0.999342,0.999116,1.000442,1.000299,0.999269,0.99994,1.00003,1.000827,1.002766,0.99865,1.00053,1.000138,0.996916,1.006422,0.999753,1.000221,0.999192,1.001184,0.999889,0.997082,1.000128,0.998827,0.998017,0.999131,1.000716,0.999279,1.001489,1.003331,1.000849,1.000524,0.999366,1.000302,0.999068,1.000271,0.998648,0.999503,1.000357,0.997196,1.000157,0.999308,0.998897,1.000315,1.000751,1.00043,0.998627,1.001186,1.001101,1.000554,1.00052,1.000876,0.997667,1.002477,0.999053,1.000716,0.99943,1.001631,0.999162,1.002385,0.99813,1.000474,1.001245,1.000751,0.999266,0.999231,0.998853,0.999727,0.998784,1.000488,0.99937,0.999222,0.999897,0.998918,0.999278,1.001388,1.000526,1.000775,0.998387,0.999738,1.00126,1.000492,0.998203,0.998506,1.000386,0.999062,0.998392,1.000473,1.000424,1.001354,1.000765,1.000211,1.001404,0.998987,1.000491,0.999455,0.997538,0.999627,0.996997,1.000296,1.001856,1.001095,1.002583,0.999187,1.001176,1.000365,0.99992,1.000202,0.999566,1.00026,0.999991,1.000941,1.000144,1.001865,1.000447,1.001977,0.999151,0.999412,0.998312,1.000828,0.999873,0.999925,1.0006
16,0.999595,0.998143,0.999671,0.999122,0.998414,1.000759,1.000294,0.998515,0.998224,0.998983,1.00038,0.998868,1.000634,0.997478,1.000059,0.998954,0.999537,0.997693,0.999409,1.003536,0.999249,0.998273,0.998678,0.999916,1.001663,0.999694,0.998387,0.998901,0.999562,1.001221,1.001073,0.99893,1.000026,0.999654,1.000248,0.999505,1.000785,0.999351,1.00087,0.999389,0.998679,0.999807,0.997709,1.000174,1.000217,1.000172,1.000872,1.002324,0.999601,1.000113,0.999303,1.000531,0.998818,0.999651,0.99949,0.99967,1.000513,1.00108,0.999769,0.998274,0.999802,0.999785,0.999738,0.998883,1.000274,1.001518,1.000125,1.000524,1.000301,1.001504,0.999318,0.998601,1.000429,1.000238,0.998982,1.00052,1.000035,1.001237,1.002405,0.997389,1.000211,0.999991,0.995833,1.005374,0.998791,1.000175,0.999028,1.000829,0.99963,0.997152,0.999312,0.998492,0.997438,0.998627,0.999231,0.999153,1.001393,1.002892,0.999166,1.00022,0.998999,1.000173,0.999006,1.000411,0.997822,0.99954,0.999714,0.996535,0.999851,0.998742,0.99728,1.000102,1.000649,1.000403,0.998546,1.001464,1.000562,1.00054,1.000068,1.000744,0.997177,1.002297,0.998335,1.000716,0.998698,1.001589,0.998902,1.002365,0.998172,1.00067,1.001164,1.000691,0.998555,0.999496,0.99883,0.999305,0.997677,0.999729,0.998048,0.998827,0.999532,0.998638,0.999209,1.00146,1.000273,1.000518,0.998325,1.000024,1.001089,1.000281,0.997614,0.997846,1.00033,0.998999,0.99744,1.000316,1.000378,1.001317,1.000744,1.000084,1.001064,0.999068,1.000169,0.99902,0.997639,0.999288,0.996204,1.000095,1.000918,1.002541,1.002634,0.998808,1.001163,1.000099,0.999297,0.999323,0.999604,0.999842,1.000136,1.000935,0.999097,1.001753,0.999955,1.001297,0.99893,0.999236,0.997885,1.000868,0.999703,0.99973,1.000588
17,0.999494,0.997606,1.000284,0.999097,0.997896,1.000594,1.000029,0.998678,0.998284,0.99896,1.000469,0.99887,1.000698,0.997413,1.00001,0.999033,0.999585,0.998202,0.999584,1.003443,0.999246,0.998503,0.998479,0.999428,1.00149,0.999719,0.998366,0.998564,0.998842,1.001216,1.000893,0.99878,1.00025,0.999325,1.000674,0.9993,1.000605,0.999344,1.000916,0.999354,0.998493,0.999762,0.997976,0.999896,1.000273,1.000022,1.000985,1.002358,0.999153,1.000082,0.99919,0.999912,0.9984,0.999688,0.999452,0.999667,1.000777,1.001121,1.000016,0.99837,0.999933,0.999779,0.999806,0.998853,0.99977,1.001385,1.000059,0.999972,1.000233,1.001626,0.998592,0.998403,1.000438,1.000232,0.998877,0.999788,1.000055,1.000862,1.00247,0.996545,1.000017,0.999745,0.995426,1.005553,0.99832,0.999988,0.998534,1.001179,0.999968,0.997152,0.999202,0.998653,0.996775,0.998473,0.999329,0.998375,1.001128,1.002554,0.9987,1.000199,0.998931,1.000154,0.99871,0.999876,0.997892,0.999509,0.999748,0.995598,0.999795,0.998697,0.997166,1.000148,1.000579,0.999883,0.999878,1.000454,1.000143,1.000293,0.999491,1.000594,0.995932,1.001416,0.997406,1.000822,0.997902,1.001254,0.998897,1.002277,0.99766,1.000606,1.001118,0.99968,0.99839,0.998516,0.99835,0.999246,0.997398,0.999803,0.9973,0.99889,0.999538,0.998507,0.998186,1.001412,1.000202,1.000528,0.997959,1.00001,1.000852,1.000203,0.996518,0.997689,1.000443,0.999377,0.996362,0.999997,1.000362,1.000567,1.000761,0.999971,1.001217,0.999076,1.000261,0.999043,0.996993,0.998972,0.995757,0.999979,1.00126,1.001374,1.003459,0.998237,1.001059,1.00008,0.998891,0.999442,0.999673,0.999728,1.000046,1.000916,0.998702,1.001736,0.999954,1.001008,0.998988,0.999341,0.997283,1.00086,0.999404,0.999727,1.000577
18,0.999669,0.998089,1.000128,0.999147,0.998141,1.00007,1.00014,0.998587,0.998688,0.999185,1.000679,0.998879,1.0007,0.997405,1.000308,0.998687,1.000007,0.998105,0.99929,1.001748,0.999549,0.998544,0.999045,1.000025,1.002367,0.999774,0.998464,0.998959,0.999058,1.000435,1.000668,0.998803,1.000275,0.99937,1.000518,0.999348,1.000549,0.999571,1.000896,0.999374,0.998378,1.000126,0.998271,1.00036,1.000322,1.000287,1.003086,1.002191,0.998973,1.000117,0.998139,1.000376,0.998884,1.000126,0.999506,0.999654,1.000536,1.000727,0.999875,0.99837,0.999803,0.999908,1.000687,0.99857,1.000113,1.001275,1.000307,1.000022,1.0003,1.001914,0.997382,0.998481,1.00044,1.000593,0.999535,0.999737,0.999879,1.000386,1.002466,0.996254,1.000022,1.000192,0.994641,1.005319,0.998092,1.000052,0.998919,1.000835,0.999975,0.997152,0.999223,0.998602,0.99683,0.998443,1.000138,0.998406,1.001201,1.002554,0.999619,1.000464,0.999334,1.00037,0.998601,0.999875,0.9972,0.999856,1.000102,0.995961,0.999834,0.998416,0.99797,0.999855,1.000503,0.999143,0.999886,1.000485,1.000299,1.0005,0.999565,1.000878,0.997141,1.002075,0.997522,1.000823,0.997832,1.001395,0.998924,1.002286,0.996156,1.000762,1.00114,0.999349,0.998398,0.998285,0.998421,0.99936,0.997691,0.999933,0.997898,0.999228,1.000437,0.998501,0.99805,1.001371,1.000192,1.000921,0.998419,1.000017,1.000703,1.000139,0.996905,0.997043,1.000673,0.999036,0.996885,1.000197,1.00043,1.000637,1.000514,1.000445,1.001226,0.999078,1.000462,0.999104,0.996989,0.999039,0.995803,1.000555,1.001509,1.000702,1.003133,0.99882,1.000914,1.000179,0.99868,0.999688,0.998389,0.999735,1.00001,1.00088,0.998964,1.002093,1.000024,1.001045,0.999135,0.999425,0.997719,1.000575,0.999573,1.000007,1.000924
19,0.999755,0.999229,0.999662,0.999337,0.998104,1.00015,1.000104,0.99849,0.998308,0.99922,1.000592,0.998879,1.000893,0.996977,1.000564,0.999026,0.999432,0.998315,0.9994,1.000979,0.999779,0.998581,0.998204,1.000318,1.002631,0.999819,0.998661,0.999045,0.9995,1.001075,1.000481,0.998775,1.000032,0.999368,1.000633,0.999441,1.000627,0.999719,1.00104,0.999556,0.998431,1.000148,0.998168,0.999729,1.000332,1.000298,1.002391,1.002022,0.998973,1.000635,0.997143,1.000064,0.999203,1.000111,0.999454,0.999601,1.000427,1.001235,0.999882,0.998316,1.000169,1.00042,1.000512,0.998573,0.999736,1.000743,0.999902,0.999684,1.000309,1.001533,0.997653,0.998371,1.000447,1.000518,0.999512,1.000203,0.999921,1.000465,1.002417,0.996175,0.999799,0.999969,0.995787,1.007024,0.998432,1.000262,0.998779,1.000266,0.999918,0.996356,0.99969,0.998836,0.997893,0.998272,0.999845,0.998406,1.001894,1.002677,0.999619,1.000547,0.999483,1.000346,0.998701,1.000459,0.997211,0.999876,1.000387,0.99566,0.999834,0.998428,0.997313,0.999932,1.00044,0.999099,0.99926,1.000522,1.000347,1.000314,0.999626,1.001056,0.996166,1.002687,0.997413,1.000834,0.997842,1.00132,0.998917,1.002313,0.996463,1.000519,1.00119,0.999082,0.998502,0.998283,0.998648,0.999191,0.997621,0.999492,0.999317,0.999261,0.999898,0.998501,0.998149,1.001089,1.000585,1.000941,0.99868,1.000029,1.000622,1.000364,0.997005,0.997173,1.000648,0.998865,0.996846,1.000111,1.000421,1.000493,1.00043,1.000316,1.001349,0.99926,1.000287,0.999766,0.997145,0.999275,0.997551,1.000711,1.001756,1.000963,1.003552,0.998825,0.998902,1.000477,0.999069,0.999639,0.998481,0.999311,1.000006,1.001061,0.999581,1.001972,1.000024,1.001577,0.998819,0.999613,0.997603,1.000002,0.999568,0.999739,1.000613
20,0.999293,0.999764,0.999833,0.999237,0.997816,1.000159,1.000441,0.998324,0.998102,0.999374,1.000803,0.998871,1.000793,0.997151,1.000366,0.999215,1.000352,0.997826,0.999414,1.000979,0.999651,0.998587,0.998901,1.000034,1.002309,0.999797,0.998641,0.999037,0.99871,1.001168,1.000746,0.998778,0.999679,0.999509,1.000605,0.99938,1.000552,1.000621,1.000919,0.99986,0.998294,0.9999,0.997779,0.999979,1.00041,1.000255,1.00166,1.002079,0.999053,1.000324,0.997343,1.000067,0.999123,1.000138,0.999949,0.999401,1.000327,1.000534,0.999899,0.998286,1.000489,0.999517,1.00004,0.998577,0.999826,1.00054,0.999902,0.999757,1.000306,1.001559,0.997703,0.99835,1.000438,1.000144,0.999444,1.000168,1.000417,1.000367,1.002198,0.996098,0.999646,0.999892,0.995718,1.007018,0.998117,1.00013,0.998547,0.999556,1.000317,0.996304,0.999227,0.998585,0.99749,0.997939,0.999646,0.998379,1.001612,1.002652,0.999622,1.000654,0.999127,1.000168,0.998701,1.0003,0.997759,0.99987,1.00011,0.995503,0.999806,0.998818,0.997737,0.999985,1.000101,0.99845,0.999479,1.001234,1.000322,1.000283,0.999561,1.000777,0.995899,1.001273,0.997707,1.000804,0.997891,1.0013,0.998799,1.002057,0.996173,1.000628,1.001175,0.999249,0.998336,0.998982,0.998475,0.999095,0.99749,0.998977,0.999565,0.999237,1.000101,0.998502,0.997665,1.001445,1.000554,1.000708,0.998349,1.000011,1.000618,1.000183,0.997575,0.997195,1.000178,0.999004,0.997346,0.999925,1.00044,0.999886,1.000387,1.000186,1.001453,0.999224,1.000124,1.000052,0.997104,0.999212,0.997476,1.00008,1.001498,1.001041,1.003561,0.998554,0.998873,1.000477,0.998874,0.998924,0.998881,0.999367,1.000067,1.000999,0.999341,1.001842,0.999959,1.0017,0.998944,0.999475,0.99752,1.000134,0.999492,0.999615,1.000258
21,0.999231,0.999487,0.999488,0.999457,0.997964,1.000131,1.000282,0.998702,0.998546,0.999303,1.000549,0.998778,1.000802,0.997382,1.000363,0.999478,1.000331,0.997594,0.998965,1.00103,0.999024,0.99859,0.998038,1.000069,1.001637,0.999631,0.998546,0.999049,0.998928,1.001153,1.000914,0.998765,0.999611,0.999356,1.000359,0.999507,1.000578,1.000622,1.000878,0.999501,0.998515,0.999897,0.997779,0.999716,1.000516,1.000231,1.00153,1.002178,0.999091,1.000356,0.996913,1.000069,0.99875,1.000132,0.999833,0.999749,1.000432,1.000552,0.999921,0.997945,1.000242,0.999509,1.000444,0.998438,0.999486,1.000531,0.99977,1.00076,1.00026,1.002302,0.998223,0.998239,1.000436,1.000487,0.999378,1.000146,1.000292,1.000919,1.002379,0.996043,0.999641,1.000059,0.995407,1.007001,0.998577,1.00014,0.998907,1.000212,1.000432,0.994842,0.999265,0.998533,0.997342,0.997864,0.99982,0.998355,1.002081,1.002708,0.999622,1.000565,0.999376,1.000178,0.998238,1.000123,0.997326,0.999861,1.000118,0.995288,0.999732,0.998871,0.997426,1.000733,1.00005,0.998444,0.999045,1.001073,1.000299,1.000279,0.999544,1.000882,0.99648,1.002173,0.99768,1.000917,0.997038,1.0001,0.998795,1.001976,0.997221,1.000491,1.001211,0.999255,0.998305,0.998982,0.99847,0.999197,0.997788,0.999326,0.999473,0.999222,1.000725,0.999511,0.99711,1.001401,1.000492,1.000557,0.998626,0.999963,1.000676,1.000145,0.997449,0.996624,1.00023,0.998537,0.997738,0.999932,1.000471,0.999891,1.000419,1.000106,1.001616,0.999065,0.999858,1.0,0.996695,0.999116,0.997383,1.000161,1.00149,1.001659,1.003436,0.99854,0.998337,1.000562,0.998906,0.998994,0.998389,0.999312,1.000074,1.000983,0.998943,1.001712,1.000042,1.001458,0.998675,0.999455,0.997846,1.00006,0.999495,0.999615,1.00008
22,0.999211,0.999984,0.999248,0.999154,0.997845,1.000342,1.000282,0.998734,0.998671,0.99909,1.000774,0.999085,1.000595,0.997397,1.00074,0.999796,1.000225,0.997737,0.999094,1.001361,0.998996,0.999216,0.998198,1.000264,1.00184,0.999387,0.998539,0.99904,0.999451,1.001136,1.000779,0.998788,0.99958,0.999348,1.001081,0.999426,1.000686,1.000342,1.001025,0.999501,0.998846,1.000299,0.997439,0.999597,1.000458,1.000173,1.001639,1.001923,0.999223,1.000077,0.996388,1.00031,0.998815,1.000152,0.999818,0.999714,1.000458,1.000547,1.000018,0.998348,1.000242,0.99953,1.000444,0.998387,0.999656,1.000381,0.99985,1.001284,1.000252,1.002636,0.997651,0.998348,1.000445,1.000363,0.999405,1.000134,0.999968,1.000919,1.001164,0.996037,0.999801,1.000121,0.995498,1.007613,0.99879,1.000045,0.999152,0.999224,1.000518,0.994824,0.9992,0.998653,0.997961,0.998162,0.999675,0.998367,1.00238,1.002708,0.999482,1.000724,0.999377,1.000201,0.998029,1.000123,0.997314,0.999833,0.999926,0.995296,0.999789,0.999128,0.997826,1.000298,1.000051,0.99844,0.999644,1.001073,1.000282,1.000031,0.999456,1.00086,0.99719,1.000744,0.99796,1.00123,0.997038,1.0001,0.998829,1.001672,0.99696,1.000794,1.000482,0.998944,0.99873,0.998453,0.998474,0.99923,0.997792,0.999477,0.999462,0.999114,0.999748,0.99938,0.997113,1.001145,1.000492,1.000559,0.998618,0.99992,1.000684,1.000482,0.997448,0.996517,1.000182,0.998529,0.997845,0.999882,1.000452,0.999884,1.000441,1.000249,1.001776,0.99937,1.000013,0.999645,0.99785,0.999017,0.997369,1.000132,1.001696,1.00166,1.003576,0.998527,0.998337,1.000433,0.99865,0.999193,0.998811,0.999566,1.000056,1.000909,0.999366,1.001693,1.000427,1.001698,0.998666,0.999349,0.997846,1.000029,0.999445,0.999615,1.000064
23,0.999241,1.000326,0.999355,0.999283,0.997847,1.000748,1.000228,0.998828,0.997886,0.999253,1.000797,0.998711,1.000632,0.997106,1.000817,0.999333,1.000371,0.997542,0.999006,1.000501,0.999096,0.999147,0.998514,1.000755,1.001843,0.999504,0.998522,0.998978,0.999275,1.001147,1.001266,0.998849,0.99955,0.99955,1.000325,0.999332,1.000665,1.00056,1.001095,0.999502,0.998616,1.000086,0.997556,0.999551,1.000414,1.000305,1.001718,1.001193,0.99949,1.000081,0.996274,1.000542,0.998852,1.00014,0.999884,0.99971,1.000376,1.000534,0.999936,0.998784,1.000485,0.999684,1.000444,0.998381,0.999434,1.000814,1.000104,1.001756,1.000254,1.002864,0.998247,0.998258,1.000436,1.000036,0.999561,1.000162,1.000174,1.000256,1.001693,0.995947,0.999778,1.000075,0.995501,1.009399,0.99914,1.000227,0.99905,0.999839,1.000305,0.995564,0.999056,0.998891,0.998139,0.998138,0.999694,0.998378,1.002197,1.003726,0.999482,1.001009,0.99938,1.000186,0.998344,1.000047,0.997711,0.999815,0.999795,0.995274,0.999761,0.999094,0.998095,1.000006,1.000241,0.998432,0.999038,1.001082,1.000243,1.000065,0.999497,1.000777,0.996969,1.002604,0.997823,1.001476,0.997036,1.0001,0.99882,1.001617,0.996797,1.00138,1.000463,0.998945,0.998559,0.998572,0.998724,0.999247,0.997826,0.999143,0.999354,0.998987,1.000165,0.999459,0.997042,1.001634,1.000493,1.000571,0.998833,0.999949,1.00066,1.000465,0.997488,0.996436,1.00022,0.998687,0.997373,1.000016,1.000912,0.999937,1.000531,1.000161,1.001811,0.999242,1.000105,0.999353,0.997886,0.999154,0.995601,1.000103,1.001778,1.001683,1.00339,0.998537,1.000881,1.000628,0.998719,0.999407,0.998849,0.999537,0.999872,1.000991,0.999207,1.001786,1.00059,1.001897,0.998663,0.999411,0.997532,1.000221,0.999191,0.999944,1.000235
24,0.999598,1.000171,0.999518,0.999354,0.997792,1.000569,1.000233,0.998845,0.998359,0.999239,1.00098,0.998776,1.000633,0.997031,1.000973,0.999734,1.000374,0.998059,0.999122,1.001403,0.99912,0.999158,0.998214,1.001086,1.002456,0.999585,0.998533,0.999041,0.999461,1.001173,1.001625,0.99881,0.999565,0.998702,1.000721,0.999332,1.000642,1.000765,1.001233,0.99976,0.998587,0.999981,0.998017,0.999551,1.000394,1.000469,1.002116,1.001649,0.999164,0.999753,0.997104,1.000434,0.998928,1.000119,1.000056,0.999739,1.000455,1.00131,1.00004,0.999022,1.00027,0.99963,1.000987,0.998386,0.999427,1.000847,1.000253,1.002318,1.000313,1.00386,0.998801,0.99832,1.000442,1.000225,1.000075,1.000129,0.99938,1.001701,1.001898,0.995929,0.999424,1.00026,0.995616,1.009921,0.999315,1.000316,0.998503,0.999836,1.000687,0.994842,0.99867,0.999049,0.998207,0.99837,0.999966,0.998423,1.002357,1.003726,0.999295,1.001118,0.999407,1.00019,0.998588,0.999719,0.997785,1.000226,1.000334,0.995309,0.999883,0.999083,0.997361,1.00015,1.000239,0.998434,1.000011,1.001813,1.000234,1.000215,0.999561,1.000806,0.99723,1.002751,0.99791,1.001357,0.997488,1.00139,0.999103,1.001653,0.996797,1.001806,1.000464,0.999056,0.998378,0.998572,0.998659,0.999199,0.997905,0.999551,0.999284,0.998982,1.000533,0.999399,0.997074,1.001877,1.000657,1.000752,0.998723,0.999961,1.001383,1.000498,0.997488,0.996252,1.0005,0.998571,0.997905,1.000504,1.000965,0.999928,1.00003,1.000243,1.001846,0.999159,1.000152,0.999257,0.997653,0.999842,0.996647,1.000706,1.001814,1.002367,1.003293,0.998549,1.000913,1.000575,0.99851,0.99948,0.999054,0.999128,0.999945,1.001017,1.000132,1.002201,1.000581,1.002123,0.998847,0.999419,0.997731,1.000331,0.999209,0.999871,1.000429
25,0.999309,0.99988,0.99948,0.999272,0.997879,1.00045,0.999533,0.99904,0.997214,0.999209,1.000837,0.998737,1.000263,0.997344,1.000942,0.999876,1.000374,0.997537,0.999394,1.001445,0.99892,0.999053,1.000521,1.00115,1.002202,0.999397,0.99834,0.999341,0.998645,1.001103,1.000891,0.998924,0.999589,0.998783,1.000369,0.999377,1.000478,1.000635,1.001302,1.00007,0.998287,0.999947,0.997997,1.000027,0.999893,0.999997,1.001434,1.001253,0.999066,0.999507,0.996698,1.000747,0.998886,0.999839,0.99989,0.999958,1.000462,1.001109,0.999876,0.999189,1.000331,0.999676,1.000479,0.998382,0.997699,1.00019,0.999842,1.002621,1.000406,1.003457,0.998193,0.998512,1.000098,1.000211,0.99954,0.999922,0.999915,1.000695,1.001983,0.995269,0.999303,1.000444,0.995229,1.011325,0.997816,1.000227,0.99858,0.999634,1.000542,0.995565,0.998276,0.998906,0.998549,0.9988,1.000583,0.998436,1.002168,1.003664,0.999768,1.000994,0.999137,0.999864,0.998625,1.00012,0.998354,1.000173,1.000408,0.993828,0.999748,0.998764,0.997577,0.999944,1.000091,0.998429,0.999796,1.001231,1.000224,1.00018,0.999582,1.000712,0.997697,1.002774,0.997946,1.001136,0.997711,1.001331,0.999224,1.001417,0.996893,1.001811,0.999835,0.998846,0.99818,0.998142,0.997718,0.999554,0.998144,0.999876,0.999343,0.998752,1.000077,0.999363,0.99702,1.001533,1.000693,1.000525,0.998555,1.000011,1.000691,1.001036,0.997387,0.996567,1.000296,0.999321,0.998254,0.999994,1.000769,0.999961,1.000187,1.000288,1.00185,0.998961,1.000413,0.999858,0.997996,0.999792,0.99665,1.000542,1.001565,1.000074,1.003405,0.998383,1.000521,1.000422,0.999142,0.999513,0.999316,0.999639,0.999892,1.00126,0.999481,1.001749,1.001192,1.003217,0.99854,0.999359,0.99739,0.999897,0.999237,0.999891,1.000062
26,0.999319,0.999888,0.999641,0.999538,0.998089,1.000554,0.998917,0.998713,0.996145,0.999168,1.000771,0.998354,1.000345,0.996879,1.0006,0.999523,1.000374,0.997126,0.999461,1.001429,0.998669,0.999103,0.999261,1.000824,1.002318,0.999433,0.998325,0.998211,0.997907,1.000368,1.000902,0.998925,0.999493,0.998132,1.000113,0.999361,1.000572,1.000284,1.000976,1.000042,0.997884,0.99963,0.996956,0.999784,0.999304,0.999935,1.001449,1.000745,0.999025,0.99946,0.997048,1.000743,0.998911,0.999641,0.999849,1.000044,1.000212,1.00133,0.999725,0.999214,0.999969,0.998584,0.99958,0.998213,0.997757,0.999986,0.999833,1.002388,1.00027,1.002501,0.998226,0.998262,1.000143,0.999854,0.999338,1.000061,1.000073,1.00029,1.002245,0.994672,0.999113,0.999882,0.994243,1.009935,0.99643,1.000208,0.998557,0.999256,1.000551,0.994999,0.998082,0.997876,0.998002,0.998406,1.000261,0.998384,1.001912,1.003356,0.999764,1.000705,0.999212,1.000027,0.998329,1.000242,0.997648,1.000336,1.000707,0.993899,0.99961,0.9985,0.997248,0.999606,1.000144,0.998361,0.999702,1.001687,0.999698,0.999994,0.999541,1.000787,0.994862,1.001872,0.997446,1.001303,0.997794,1.000099,0.999673,1.001335,0.996997,1.001713,0.999735,0.998207,0.997354,0.996931,0.997566,0.999448,0.997348,0.999709,0.999476,0.999076,1.000053,0.999694,0.995863,1.00136,1.000552,1.000514,0.998559,0.999694,1.000638,1.00091,0.997329,0.996302,1.000369,0.998386,0.997486,0.999965,1.000758,0.999954,0.999907,1.000182,1.001585,0.998928,1.000709,0.999929,0.997965,0.999285,0.997516,1.000296,1.001617,0.999642,1.003286,0.998071,1.000374,1.000372,0.998297,0.999509,0.99898,0.999611,0.999876,1.001083,0.99906,1.001933,1.001214,1.002547,0.998204,0.999315,0.997028,0.99983,0.999263,0.999864,1.000397
27,0.999296,0.999798,0.999439,0.999315,0.998422,1.000703,0.999595,0.998879,0.996765,0.999265,1.001047,0.99862,1.000769,0.996885,1.000619,0.999613,1.000393,0.997481,0.999143,1.001067,0.998647,0.999185,0.999892,1.000594,1.002523,0.999484,0.998282,0.998518,0.997667,1.000947,1.000921,0.998218,0.999691,0.998211,1.000104,0.999323,1.000681,0.999585,1.00087,1.000233,0.998,0.999653,0.996916,0.999756,0.999169,1.000113,1.001449,1.000535,0.999122,0.99895,0.997049,1.001252,0.998885,0.999653,0.999783,0.999883,1.000308,1.000649,0.999428,0.999859,1.000039,0.99863,0.999339,0.998183,0.997653,1.000142,0.999522,1.00306,1.000283,1.003527,0.997752,0.998249,1.000145,0.999811,0.999292,0.999996,1.000084,1.000371,1.001993,0.994575,0.998814,1.000248,0.993882,1.011955,0.996143,1.000268,0.998444,0.998969,1.000491,0.994436,0.997956,0.997845,0.997647,0.998185,1.000585,0.997974,1.002202,1.003787,0.999407,1.00078,0.999192,1.000081,0.998339,0.999809,0.997684,1.000277,1.000424,0.993682,0.999685,0.998466,0.997017,0.999604,1.000165,0.99836,0.999575,1.001192,0.999711,1.000059,0.999185,1.000717,0.995036,1.000944,0.997548,1.000984,0.997896,1.00139,0.99977,1.00145,0.996772,1.001649,0.999662,0.997359,0.997122,0.996892,0.997576,0.999483,0.997352,0.998944,0.998616,0.998987,1.000297,0.999695,0.99597,1.0014,1.000552,1.000575,0.998734,0.999997,1.00038,1.000693,0.997329,0.996454,1.00052,0.998445,0.997651,0.999811,1.000773,0.99995,1.000293,1.000157,1.00169,0.998889,1.000664,1.000139,0.99807,0.99929,0.997423,1.000322,1.001602,0.999024,1.003311,0.997929,1.000265,1.000409,0.998126,0.999372,0.99839,0.999717,0.999606,1.000776,0.999036,1.001759,1.001001,1.002405,0.998131,0.99925,0.997028,0.999815,0.999248,1.000001,1.000328
28,0.999823,0.999798,1.000893,0.999818,0.998139,1.00107,0.999653,0.998828,0.997066,0.999968,1.000719,0.999034,1.000809,0.997458,1.000669,1.0004,1.000374,0.997939,0.999531,1.001045,0.999009,0.998919,0.999991,1.00077,1.002527,0.999493,0.998599,0.998708,0.998208,1.001151,1.001094,0.998074,0.999646,0.99887,1.000646,0.999647,1.000607,1.000215,1.00084,1.000106,0.998149,0.999612,0.997482,0.999759,1.000522,0.99966,1.002577,1.001093,0.998756,0.999534,0.997623,1.001937,0.998884,0.999769,0.999718,1.000063,1.000891,1.000804,1.000452,0.999971,1.000114,0.998631,1.0001,0.997991,0.997692,1.00019,0.999369,1.003792,1.000276,1.003305,0.997398,0.998322,1.000332,1.000377,0.999631,0.999969,1.00001,1.001706,1.002371,0.994803,0.99871,1.001355,0.993466,1.011284,0.996158,1.000658,0.998709,0.998927,1.000534,0.992419,0.998598,0.998443,0.997657,0.998499,1.000486,0.998318,1.002229,1.003805,0.999397,1.001225,0.99919,1.000056,0.998593,0.999647,0.997419,1.000564,1.000473,0.994512,0.999607,0.998722,0.996413,1.000577,1.000088,0.998451,0.999444,1.00219,0.999708,1.000053,0.999073,1.001139,0.995968,1.001004,0.99761,1.001376,0.998102,1.00139,1.000055,1.002199,0.996363,1.001849,1.00017,0.998754,0.997181,0.996163,0.997288,0.999544,0.997705,0.999636,0.998933,0.999014,1.000293,0.999961,0.995995,1.001103,1.000552,1.000727,0.999307,1.000159,1.000347,1.000882,0.99982,0.99674,1.000606,0.999096,0.997778,0.999899,1.000468,0.999948,1.000323,1.000394,1.001934,0.998888,1.000517,0.999694,0.998577,0.999484,0.996844,1.000803,1.001992,0.998542,1.003475,0.998228,1.000569,1.000625,0.997556,0.999787,0.998393,0.99918,0.9995,1.000752,0.999954,1.001968,1.001161,1.002871,0.998017,0.999814,0.997287,0.998858,0.998861,1.000091,1.000598
29,1.00039,1.000087,0.999824,0.999983,0.998266,1.000997,1.000491,0.997831,0.998583,1.000695,1.001272,0.998632,1.001089,0.998174,1.000938,1.001137,1.001489,0.998839,0.999444,1.001292,0.999521,0.99924,1.002002,1.001729,1.002643,0.999885,0.999168,0.999465,0.999123,1.002356,1.001362,0.998075,0.999452,0.997633,1.001282,1.000213,1.000591,1.000612,1.001095,1.000898,0.998836,1.001071,0.998606,0.999861,1.001751,0.999504,1.005371,1.001821,0.999745,1.000949,0.997629,1.002913,0.999279,0.999867,1.000407,0.999831,1.00124,1.000781,1.001224,1.000725,1.00138,0.998955,0.999664,0.99965,0.998106,0.99977,0.999369,1.004648,1.000624,1.004069,0.99735,0.999096,1.000347,0.99876,0.999846,0.999962,0.999895,1.001808,1.003021,0.995507,0.999424,1.002129,0.994537,1.013939,0.998789,1.000861,0.999444,0.998936,1.001228,0.99365,0.999398,0.999239,0.998663,0.999296,1.000978,0.998443,1.00282,1.003664,0.99965,1.001699,0.999027,1.000213,0.998889,0.999656,0.998022,1.000841,1.000594,0.995326,0.999703,0.999821,0.996295,1.000773,0.999879,0.99852,1.000086,1.002569,0.99975,0.999809,0.999446,1.001509,0.9966,0.999679,0.998125,1.001865,0.998528,1.000204,1.000619,1.002084,0.996953,1.002937,1.000584,0.998852,0.997926,0.996075,0.998033,0.999934,0.998296,1.000033,0.999377,0.998922,1.000599,1.000368,0.99597,1.001194,1.000586,1.001128,0.999247,0.999465,1.000891,1.000606,0.998397,0.996894,1.000584,0.999236,0.9982,0.999672,1.001163,1.000591,1.000518,1.000961,1.002298,0.999411,0.999756,0.999432,0.999681,1.000775,0.996861,1.001481,1.00144,0.999067,1.003659,0.998815,1.003013,1.001335,0.998195,1.000822,0.999548,0.999797,0.999597,1.000796,1.000182,1.001746,1.002016,1.002701,0.998605,1.000636,0.997992,0.998817,0.99896,0.999859,1.000695
30,1.000143,1.000273,0.999518,0.999914,0.99865,1.001947,1.00049,0.997748,0.9982,1.000436,1.001087,1.000041,1.00129,0.997454,1.001317,1.001336,1.001576,0.998218,0.999485,1.000952,0.999682,0.999184,1.002613,1.001802,1.002352,0.999964,0.998433,0.999179,0.999227,1.00212,1.000862,0.99811,0.999068,0.997348,1.002668,0.999897,1.000477,1.000244,1.001181,1.000798,0.998816,1.001501,0.998802,0.999972,1.001772,0.999537,1.006092,1.001003,0.99944,1.000359,0.997461,1.003798,0.998568,0.999492,1.000379,0.999535,1.001294,1.000865,1.002008,1.000751,1.001725,0.998795,1.00016,0.99941,0.999141,0.999714,0.999069,1.004747,1.000774,1.003705,0.997751,0.998823,1.000303,0.99822,1.000174,0.999377,1.000262,1.003082,1.003389,0.995832,0.999886,1.001825,0.994269,1.012769,0.999098,1.000705,0.998905,0.999443,1.002586,0.993116,0.999046,1.001847,0.998726,0.999077,1.001032,0.997782,1.002924,1.004207,0.999702,1.001794,0.998857,0.999851,0.999036,1.001744,0.997685,1.000117,1.000923,0.994727,0.999813,0.999689,0.996995,1.001216,0.999844,0.999111,1.001549,1.002407,1.000063,0.999694,0.999107,1.001052,0.995643,1.001347,0.997996,1.002501,0.99848,1.00178,1.000371,1.001996,0.997254,1.002704,1.000502,0.998493,0.997908,0.995851,0.99801,0.99992,0.997584,1.00012,1.000295,0.998451,1.00058,1.00046,0.99551,1.000078,1.000685,0.999446,0.999107,0.999587,1.001045,1.000525,0.99966,0.996643,1.000617,0.999232,0.998089,0.999642,1.00136,1.000672,0.999951,1.000721,1.00185,0.999103,0.999772,0.999581,0.999399,1.000933,0.99763,1.001416,1.001724,0.999856,1.00402,0.998732,1.002955,0.999959,0.998023,0.999942,0.999846,1.000039,0.999591,1.000831,1.000051,1.00173,1.00201,1.001877,0.998817,1.000977,0.998173,0.998208,0.998026,1.000112,1.000426
31,0.999871,0.999864,1.00004,0.999634,0.999225,1.002559,1.000437,0.998286,0.998616,0.999587,1.000379,1.001185,1.001645,0.997573,1.001074,1.001254,1.001581,0.997476,0.999576,1.001732,0.999615,0.999045,1.001888,1.001467,1.00189,0.999779,0.997879,0.998856,0.997914,1.00205,1.000345,0.998109,0.998926,0.996922,1.001336,0.999251,1.000545,1.000056,1.001301,1.000069,0.999157,1.001782,0.998908,0.999907,1.000929,0.999915,1.004951,1.001477,0.999414,1.000138,0.997732,1.003648,0.998149,0.999738,1.000359,0.999125,1.002035,1.000856,1.002223,1.001015,1.001524,0.998114,0.999812,0.999054,0.99904,0.999482,0.998582,1.005489,1.000747,1.00337,0.996988,0.998462,1.000317,0.998024,1.000488,0.999645,0.999631,1.003347,1.003874,0.995974,0.999636,1.001983,0.994851,1.010748,0.998851,1.000614,0.997607,0.999727,1.002246,0.995592,0.998453,0.999169,0.999212,0.99881,1.001146,0.997824,1.002948,1.003815,0.999666,1.001941,0.998506,0.999208,0.998975,1.001744,0.997836,0.999892,1.001205,0.995135,0.999692,0.999342,0.99678,1.000494,0.999325,0.998576,1.001549,1.002918,0.999969,0.999447,0.999005,1.000871,0.994935,1.000842,0.997909,1.002237,0.998587,1.00153,1.000226,1.001833,0.996986,1.002608,1.00126,0.998231,0.998335,0.994013,0.998414,0.999751,0.998236,0.999697,1.000085,0.998594,0.999265,1.00037,0.994984,0.999769,1.000548,0.99746,0.998865,0.999616,1.001092,1.00029,0.998996,0.99649,1.000427,0.999058,0.99816,0.999438,1.001698,1.000578,0.999618,1.000057,1.00196,0.999365,0.999628,1.000327,0.999676,0.99986,0.996447,1.001319,1.00205,1.001919,1.004206,0.999247,1.000123,1.000098,0.998439,0.999452,0.999826,0.999535,0.999445,1.001187,1.000066,1.001558,1.002,1.002778,0.998557,1.000952,0.998347,0.998402,0.997464,1.000069,1.000548
32,0.999826,1.000143,1.000246,0.999643,0.999001,1.002317,1.000437,0.998725,0.998733,0.999445,1.000257,1.001638,1.002045,0.99735,1.001186,1.000637,1.001917,0.997877,0.999529,1.002706,0.998735,0.99917,1.00171,1.001425,1.001933,1.000228,0.997931,0.998674,0.998011,1.001679,1.000218,0.998124,0.99864,0.99714,1.002,0.999318,1.00079,0.99994,1.001328,1.000057,0.999212,1.001775,0.998881,0.999809,1.000049,1.000085,1.005916,1.000952,0.999523,1.000138,0.997652,1.003381,0.998136,0.999704,1.000257,0.999122,1.002443,1.000937,1.00223,1.001391,1.001292,0.998017,1.000173,0.999012,0.998525,0.999509,0.998519,1.005313,1.000434,1.003141,0.997972,0.99811,1.000381,0.998206,1.000582,0.999542,0.999717,1.003462,1.004017,0.996171,0.999633,1.002224,0.994591,1.008635,0.998865,1.000914,0.997732,0.998724,1.001885,0.997187,0.99854,0.999157,0.999105,0.998904,1.000251,0.997837,1.002928,1.003571,0.999564,1.002487,0.998506,0.999385,0.999003,1.001745,0.99788,0.9999,1.001327,0.994788,0.99968,0.999161,0.99725,1.0008,0.99922,0.998659,1.00155,1.003069,1.00005,0.999125,0.999003,1.000575,0.995047,1.001301,0.997949,1.002365,0.998608,1.001527,1.000063,1.001977,0.997234,1.002611,1.001183,0.997812,0.998407,0.994751,0.997921,0.999929,0.99798,1.000052,0.999664,0.998744,0.998915,0.999252,0.994816,0.999749,1.000578,0.997839,0.998937,0.999644,1.001012,1.000291,0.999921,0.996597,1.000475,0.999659,0.998151,0.999239,1.001793,1.000662,0.999415,1.0006,1.001984,0.999045,0.999457,1.000335,0.998802,0.999329,0.996265,1.001411,1.001918,1.00115,1.004094,0.999348,0.998884,0.999861,0.998294,0.999868,0.999776,0.999338,0.999581,1.001183,0.999292,1.001643,1.002016,1.002942,0.99858,1.000956,0.998686,0.998252,0.997769,0.999991,1.000556
33,0.999776,1.000344,1.000765,0.999373,0.998981,1.002348,1.000437,0.998822,0.99936,0.998937,1.000974,1.00068,1.002039,0.997351,1.001651,1.000591,1.001859,0.998237,0.99952,1.002161,0.998783,0.998913,1.00124,1.001114,1.00193,1.000192,0.997842,0.998468,0.998437,1.001445,1.000327,0.998076,0.998641,0.997246,1.001462,0.999358,1.000809,1.000136,1.00138,1.000168,0.999086,1.001903,0.998127,0.999872,0.999873,1.000191,1.00486,0.999941,0.999569,0.999503,0.997328,1.00352,0.998104,0.999849,1.000481,0.999127,1.002562,1.000931,1.002352,1.001165,1.001398,0.997775,1.000171,0.998998,0.998571,0.999481,0.998717,1.00565,1.000343,1.00313,0.998052,0.99777,1.000345,0.997861,1.000397,0.999623,1.00021,1.002147,1.004224,0.996731,0.999484,1.002232,0.994473,1.006524,0.999063,1.001443,0.997886,0.998843,1.001945,0.994725,0.997985,1.000123,0.998579,0.998551,1.000457,0.997841,1.002617,1.002056,0.999645,1.002661,0.998533,0.999388,0.998608,1.001265,0.998121,0.999863,1.001155,0.993159,0.999682,0.999306,0.997026,1.000787,0.999434,0.998647,1.001499,1.002734,1.000038,0.999102,0.9986,1.000558,0.994618,1.001394,0.997947,1.002186,0.998243,1.000169,1.00021,1.002019,0.997008,1.002309,1.001095,0.997626,0.999628,0.995005,0.998206,0.999978,0.997942,0.999781,0.99938,0.998641,0.998343,0.999294,0.994858,0.999838,1.000623,0.998335,0.999158,0.999673,1.000985,1.000655,0.999843,0.996452,1.000332,0.999574,0.997946,0.999415,1.001827,1.000751,0.999351,1.000313,1.00226,0.999005,0.999201,1.000375,0.999126,0.999757,0.994911,1.001671,1.002109,1.001178,1.004444,0.999481,0.998938,0.999865,0.998096,0.999889,0.999609,0.999338,0.999483,1.00122,0.998331,1.001901,1.00205,1.003432,0.998205,1.000812,0.998977,0.998088,0.997596,0.999976,1.000573
34,0.999237,0.999916,1.000776,0.999054,0.998944,1.002269,0.999847,0.998945,0.9997,0.998736,1.000859,1.001798,1.002011,0.99713,1.002088,1.000777,1.002139,0.998161,0.999507,1.001213,0.998854,0.998809,1.001979,1.001082,1.001826,1.000121,0.997811,0.998428,0.998547,1.001167,1.0002,0.998044,0.998507,0.997376,1.000811,0.999562,1.000711,1.000269,1.001418,1.000253,0.999282,1.001974,0.998108,0.999479,1.000307,1.00013,1.004888,0.999846,0.999557,0.99951,0.997272,1.002613,0.998037,0.99986,1.000264,0.998924,1.002221,1.000955,1.002255,1.001236,1.001711,0.997054,1.00064,0.998802,0.999305,0.999369,0.998577,1.005107,1.000178,1.003398,0.998329,0.99774,1.00036,0.997075,1.000561,0.999019,0.99972,1.002147,1.003811,0.99679,0.999418,1.002247,0.994424,1.008567,0.998791,1.001266,0.997976,0.998516,1.002054,0.995024,0.998117,1.00012,0.998759,0.998476,1.000068,0.997842,1.002613,1.001753,0.999419,1.002577,0.998481,0.999375,0.998479,1.001453,0.998115,0.999874,1.001231,0.993392,0.999456,0.99905,0.996864,1.00079,0.999445,0.998605,1.001479,1.002879,0.999634,0.999109,0.998547,1.000592,0.994645,0.999455,0.997687,1.002384,0.998172,1.002267,0.999997,1.001742,0.996849,1.00256,1.001131,0.997671,0.999505,0.994918,0.997968,0.999939,0.99783,1.000389,0.999582,0.998258,0.998085,0.999892,0.994824,0.999918,1.000536,0.998464,0.999626,1.000413,1.000471,1.000662,0.999771,0.996068,1.000052,0.999764,0.997877,0.999363,1.001868,1.000826,0.999378,1.000237,1.002111,0.99934,0.999353,1.000238,0.999097,0.999934,0.994988,1.001806,1.001518,1.000041,1.004692,0.999278,0.99966,0.999804,0.997395,1.000246,0.999666,0.999118,0.999346,1.001327,0.997967,1.00211,1.00182,1.003424,0.998062,1.000929,0.998934,0.998005,0.997639,1.000141,1.000231
35,0.999102,1.000256,1.000484,0.999105,0.999502,1.001164,0.99988,0.999057,0.998301,0.99878,1.00087,1.001971,1.002042,0.997071,1.001697,1.000627,1.001785,0.998255,0.99957,1.001488,0.998853,0.998631,1.001764,1.001349,1.001836,1.00013,0.997763,0.998222,0.999036,1.001282,1.000275,0.998041,0.998706,0.9977,1.001206,0.999607,1.000683,1.000362,1.001123,1.000257,0.999184,1.001496,0.997739,0.999931,0.999051,0.999682,1.005885,1.000614,0.999583,0.999609,0.996347,1.002025,0.998156,0.999709,1.00061,0.99877,1.001059,1.000955,1.002038,1.001157,1.0005,0.997325,1.000549,0.998795,0.999226,0.999449,0.998125,1.005433,1.000154,1.002646,0.998873,0.997538,1.000476,0.997024,1.000371,0.9992,0.999146,1.002033,1.00368,0.996708,0.999403,1.002286,0.994281,1.007612,0.998687,1.00108,0.997757,0.998809,1.001046,0.995135,0.99809,0.999584,0.998586,0.998272,1.000189,0.997872,1.002228,1.002255,0.999406,1.002061,0.998348,0.999289,0.998366,1.001459,0.997667,0.999854,1.001153,0.993506,0.999323,0.999113,0.996436,1.000777,0.999693,0.998724,1.001433,1.002276,0.999736,0.999075,0.998556,1.000615,0.994699,0.999916,0.997579,1.001422,0.997951,1.000098,0.999733,1.00175,0.996761,1.00256,1.001165,0.997654,0.998736,0.994802,0.997531,0.999835,0.997523,1.000065,1.000289,0.99836,0.997864,0.999833,0.994273,0.999906,1.000613,0.998502,0.999727,1.000421,1.000435,1.000469,0.999857,0.996097,1.000011,0.999836,0.996796,0.999235,1.001743,1.001424,0.998959,1.000288,1.001842,0.999453,0.999613,0.999379,0.998044,0.999991,0.996504,1.001701,1.001249,1.001253,1.00401,0.99909,1.000177,0.99964,0.997698,1.000346,0.999395,0.999034,0.999345,1.001196,0.99781,1.001747,1.002079,1.003058,0.997772,1.000824,0.998405,0.998079,0.99852,0.999937,1.000056
36,0.99899,0.999991,1.000769,0.999331,0.999585,1.001168,1.000127,0.998735,0.998124,0.998773,1.001053,1.001391,1.002045,0.99686,1.00171,1.000799,1.001371,0.998295,0.999749,1.000346,0.999046,0.998652,1.002001,1.001226,1.001832,0.999816,0.997776,0.99812,0.999317,1.001407,1.000191,0.998035,0.998647,0.997802,1.001207,0.999516,1.000351,1.000432,1.001141,1.000748,0.999093,1.001262,0.997685,0.999928,0.999711,0.999523,1.004573,1.000607,0.999307,0.999833,0.996743,1.002157,0.99824,0.999672,1.000457,0.998809,1.000977,1.000621,1.00213,1.001255,1.000516,0.996815,1.000592,0.998959,0.999656,0.99938,0.998264,1.00694,1.000154,1.003737,0.998966,0.997645,1.000461,0.996845,1.000357,0.999328,0.998825,1.002857,1.003847,0.996714,0.999393,1.00253,0.994884,1.007398,0.999053,1.001145,0.997532,0.998688,1.000672,0.997959,0.997958,0.999885,0.99866,0.998325,0.999867,0.998493,1.002242,1.002109,0.999228,1.001803,0.998342,0.999266,0.99888,1.001589,0.997567,0.999847,1.000927,0.993411,0.999213,0.999427,0.996349,1.000752,0.999707,0.998673,1.001219,1.002198,0.999748,0.999069,0.998579,1.000565,0.995174,0.999455,0.997411,1.001301,0.998108,1.001626,0.999831,1.001563,0.996903,1.002537,1.001199,0.997656,0.998982,0.994837,0.997598,0.999929,0.997595,1.000117,1.000201,0.998468,0.997974,1.000279,0.994268,0.999942,1.000662,0.998746,0.99985,1.00041,1.000535,1.00019,0.999777,0.996086,1.000033,0.999853,0.997913,0.999546,1.001848,1.001615,0.998964,1.00029,1.001909,0.998925,0.999363,0.999436,0.997566,1.000737,0.996591,1.001583,1.001207,1.001454,1.003384,0.999332,0.999887,1.000006,0.998033,1.000236,0.99981,0.999345,0.999463,1.001181,0.998699,1.001859,1.002081,1.003307,0.998147,1.000685,0.99871,0.998018,0.999154,0.999797,1.000046
37,0.99928,0.999591,1.000152,0.999213,0.999388,1.001595,1.000033,0.998685,0.998124,0.998993,1.00105,1.000946,1.002,0.996989,1.002173,1.001062,1.001346,0.998294,0.999768,1.001401,0.999196,0.999075,1.002111,1.00124,1.001682,0.99994,0.997802,0.998267,0.999239,1.001737,1.000074,0.997916,0.998603,0.997755,1.001183,0.999505,1.000472,1.000073,1.001259,1.000737,0.999686,1.002143,0.998571,0.999846,0.999581,0.999785,1.005444,1.000995,0.999954,0.999884,0.997049,1.002162,0.997923,0.999868,1.000766,0.998944,1.001011,1.000733,1.002039,1.001441,1.000923,0.996945,1.000309,0.999656,0.999598,0.999321,0.9983,1.006329,0.999995,1.003062,0.998943,0.997997,1.000483,0.998781,1.000521,0.999308,0.998785,1.001831,1.003395,0.996738,0.99942,1.00253,0.994984,1.007646,0.999248,1.001235,0.998133,0.998647,1.001305,0.995576,0.997826,0.999509,0.998818,0.998579,1.000178,0.998558,1.002601,1.002866,0.997947,1.002255,0.998539,0.999423,0.99879,1.001772,0.9975,0.999838,1.001146,0.993439,0.999375,0.999716,0.996732,1.000748,0.99977,0.998706,1.000298,1.002383,0.999747,0.999075,0.998572,1.000293,0.99539,1.000341,0.997713,1.002096,0.998721,1.001591,0.999779,1.001376,0.996903,1.002046,1.001226,0.998494,0.999608,0.994736,0.997347,0.999896,0.997704,1.000572,1.000046,0.998098,0.998969,1.000018,0.994291,0.999633,1.000744,0.998844,0.999778,1.000388,1.00057,1.000582,0.999994,0.996324,1.000329,1.000155,0.997882,0.999599,1.002003,1.002195,0.999255,1.00027,1.001945,0.999085,0.999752,0.999895,0.99946,1.001691,0.996775,1.002111,1.001378,1.000762,1.003908,0.999627,1.000467,1.000069,0.998025,1.000182,0.999752,0.999323,0.999601,1.001356,0.998967,1.001851,1.002095,1.003502,0.998343,1.001082,0.998972,0.998253,0.999336,0.999766,1.000072
38,0.99927,1.000552,0.999644,0.999133,0.99956,1.001282,1.000553,0.998374,0.998124,0.998947,1.000584,1.0006,1.001829,0.99747,1.00204,1.00095,1.001324,0.998388,0.999278,1.001543,0.999537,0.998685,1.002177,1.001336,1.00172,1.000198,0.997778,0.998976,0.9995,1.001598,1.00004,0.997922,0.998648,0.996917,1.001158,0.999518,1.000386,1.000154,1.001131,1.000821,1.00002,1.002583,0.998548,0.999536,0.998967,0.99965,1.005968,1.000891,0.999666,0.999905,0.997019,1.002993,0.997885,0.999847,1.000754,0.999196,1.000855,1.000777,1.002027,1.001568,1.000921,0.996774,1.000719,0.999658,0.999427,0.999441,0.998262,1.007046,0.999987,1.003485,0.998962,0.998123,1.00041,0.999652,1.000427,0.999042,0.998964,1.002019,1.004017,0.996757,0.999832,1.002832,0.9945,1.007806,0.999491,1.00126,0.998159,0.998634,1.001354,0.998489,0.997926,0.999981,0.998883,0.998619,0.99978,0.998522,1.00269,1.005415,0.999136,1.002335,0.998547,0.999417,0.998834,1.001924,0.997817,0.999835,1.001105,0.993402,0.999058,0.999429,0.996676,1.00065,0.999308,0.998703,0.999746,1.002736,0.999798,0.999086,0.998498,1.000465,0.995325,0.999626,0.997619,1.002057,0.998496,1.001636,0.999754,1.001345,0.99707,1.002201,1.001227,0.998622,0.999319,0.994834,0.997255,0.99986,0.997353,1.000278,1.000249,0.997923,0.998456,0.999795,0.994831,0.999408,1.000637,0.998695,0.999776,1.000225,1.000924,1.000467,0.999753,0.995607,1.00038,0.999891,0.997537,0.999344,1.001994,1.001347,0.998914,0.999889,1.001928,0.999367,0.999674,0.999952,0.998664,1.000482,0.996347,1.001722,1.001379,1.00283,1.003938,0.999462,1.000373,0.999621,0.997614,1.000188,0.999865,0.999326,0.999609,1.001385,0.998023,1.001768,1.002279,1.003653,0.998311,1.001071,0.999111,0.998169,0.99935,0.999825,1.000044
39,0.999244,1.000401,0.999727,0.999169,0.999451,1.002084,1.000658,0.998712,0.998124,0.998946,1.000898,1.00105,1.001806,0.997509,1.002144,1.001168,1.002055,0.998808,0.999774,1.001856,0.999812,0.999313,1.002392,1.0014,1.001916,1.000014,0.997795,0.998893,0.999614,1.001805,1.000233,0.997111,0.998686,0.997221,1.001334,0.999984,1.000457,1.000258,1.00135,1.001398,1.000349,1.002894,0.998834,0.999528,0.999392,1.000006,1.005128,1.000552,0.999675,1.000161,0.997368,1.002486,0.998308,0.999862,1.000899,0.999495,1.000964,1.000914,1.002302,1.001814,1.00089,0.996801,1.000608,0.999737,1.000049,0.999672,0.998242,1.00707,1.000158,1.004372,0.998961,0.998341,1.000414,0.999974,1.000532,0.999239,0.99917,1.002424,1.003957,0.996752,1.000248,1.003001,0.994297,1.006248,0.999575,1.001523,0.998381,0.998762,1.001465,0.998352,0.998214,0.999914,0.999249,0.998808,1.000156,0.998556,1.00274,1.005452,0.998014,1.002817,0.998469,0.999408,0.998618,1.001901,0.997618,0.999898,1.001242,0.994094,0.999404,0.999448,0.996489,1.000783,0.999633,0.999302,1.000988,1.003127,0.999758,0.999155,0.998526,1.000772,0.995303,1.002175,0.997664,1.002629,0.998644,1.002056,0.999912,1.001415,0.997092,1.002606,1.001266,0.998378,0.99941,0.994883,0.997282,0.999973,0.997726,1.000787,1.000275,0.997928,0.998984,0.999942,0.995436,0.999581,1.001068,0.999087,0.999137,1.00026,1.000917,1.000977,0.998691,0.995787,1.000354,0.999876,0.997629,0.9996,1.002065,1.001306,0.998938,0.999921,1.002137,0.999328,0.99959,0.999907,0.999166,1.001477,0.996551,1.002222,1.001746,1.001458,1.004306,0.99959,1.000298,0.999831,0.997616,1.00034,1.0,0.999571,0.999891,1.001447,0.9971,1.001901,1.002629,1.0045,0.998742,1.001065,0.999668,0.998332,0.999454,0.999956,1.000047
40,0.999248,1.000259,0.999457,0.999141,0.99965,1.001871,1.000572,0.998525,0.998124,0.998959,1.001096,1.000487,1.001781,0.99762,1.002463,1.001451,1.002009,0.999082,0.999754,1.00101,0.999923,0.999285,1.003215,1.00156,1.001907,0.9999,0.997764,0.999422,0.999957,1.001377,1.000436,0.99627,0.998481,0.997232,1.001085,0.999553,1.000465,1.00033,1.001621,1.001348,1.000245,1.003175,0.998778,0.999515,0.999381,0.999962,1.004553,1.000548,0.999611,1.00016,0.997372,1.002695,0.998553,0.999849,1.000817,0.999555,1.001393,1.000862,1.0022,1.002024,1.001326,0.997558,1.001753,0.999648,0.999748,0.999702,0.997957,1.00724,1.000103,1.004563,0.998973,0.998458,1.000405,0.999997,1.000824,0.999287,0.999156,1.002041,1.004673,0.99671,0.999955,1.003016,0.994656,1.006173,0.999416,1.001445,0.998139,0.998738,1.001452,0.996947,0.998008,1.000986,0.999623,0.999016,1.000516,0.998823,1.002737,1.005452,0.998739,1.002843,0.998476,0.999392,0.998273,1.0019,0.997648,0.999836,1.001361,0.993555,0.999314,0.999544,0.996751,1.000644,0.999838,0.999312,1.00002,1.004016,0.999752,0.999118,0.998558,1.000745,0.995263,1.001834,0.998081,1.002476,0.998526,1.002515,0.999835,1.001477,0.997073,1.002359,1.001291,0.9985,0.999171,0.994968,0.997299,1.000207,0.99759,1.00085,1.000222,0.99816,0.999202,1.000098,0.995924,0.999768,1.000867,0.999106,0.999576,1.000277,1.000895,1.001218,0.998736,0.996169,1.000345,1.000239,0.997631,0.999705,1.002025,1.001319,0.998954,1.00003,1.002052,0.999571,0.999592,0.999658,0.998809,1.001582,0.996729,1.002261,1.001936,1.002103,1.004405,0.999318,1.000276,1.00002,0.997608,1.000477,1.0,0.999697,1.000109,1.001541,0.997417,1.002051,1.002698,1.004711,0.998688,1.001181,0.99944,0.998716,0.999632,0.999967,1.000028
41,0.999026,1.000096,0.999594,0.999059,0.999985,1.001903,1.00038,0.998123,0.998124,0.998963,1.000989,1.000845,1.001723,0.997123,1.002259,1.001518,1.002587,0.998873,1.000058,1.001817,0.999623,0.999062,1.003399,1.00162,1.002134,0.999734,0.99775,0.998676,0.999963,1.000802,1.000173,0.996198,0.998516,0.997235,1.001099,0.999678,1.000415,1.000122,1.001602,1.001249,0.999655,1.003032,0.998873,0.999512,0.999058,0.999913,1.00454,1.000561,0.999729,1.000161,0.997438,1.002717,0.998003,0.999841,1.000957,0.99955,1.001112,1.001204,1.002143,1.002165,1.001336,0.997613,1.001819,0.999643,0.999823,0.999473,0.997357,1.007039,0.999948,1.004289,0.998971,0.998074,1.000429,0.999744,1.000568,0.999304,0.999144,1.002052,1.004034,0.996715,0.999736,1.003031,0.995076,1.006057,0.999383,1.001186,0.998075,0.998487,1.001678,0.997473,0.997835,1.001029,0.999935,0.998986,1.000199,0.998807,1.002143,1.005275,0.999728,1.00276,0.998496,0.999386,0.998291,1.001591,0.997327,0.999798,1.001179,0.993267,0.999061,0.999661,0.996381,1.000559,0.999814,0.999311,1.002305,1.003964,0.999696,0.99913,0.998559,1.000757,0.994803,1.001414,0.998102,1.002428,0.998347,1.002513,0.999673,1.001308,0.997049,1.002406,1.001383,0.998504,0.99917,0.994914,0.996761,1.000257,0.997257,1.000379,1.000183,0.997878,0.998675,1.000041,0.994977,0.999444,1.000642,0.999129,0.999066,1.000279,1.000883,1.001237,0.998749,0.996314,1.000191,1.000561,0.996833,0.999819,1.001998,1.001366,0.999001,0.999676,1.001789,0.999483,0.999334,0.999529,0.998556,1.001167,0.996454,1.002167,1.001656,1.001305,1.004514,0.999396,1.000292,0.99932,0.997374,1.000391,0.999889,0.99944,1.00022,1.001514,0.996819,1.00175,1.002627,1.004574,0.998525,1.001126,0.999784,0.998077,0.999619,0.999958,0.999562
42,0.998848,1.000419,0.999728,0.998907,0.999501,1.002176,1.00043,0.997937,0.997866,0.998684,1.000978,1.00046,1.001796,0.997212,1.00195,1.00143,1.00205,0.998481,1.000227,1.001054,0.999344,0.998853,1.003168,1.001669,1.002006,0.99947,0.99774,0.998461,0.999782,1.001253,1.000103,0.994341,0.998174,0.997083,1.001386,0.999585,1.000757,1.000179,1.001473,1.000563,0.999779,1.002635,0.998813,0.999438,0.998879,0.999703,1.006029,1.000066,0.999461,1.000159,0.997424,1.002679,0.997759,0.999832,1.000949,0.9991,1.000078,1.001204,1.002094,1.002459,1.001371,0.99705,1.000923,0.998856,0.999695,0.999168,0.997715,1.007743,0.999892,1.003612,0.998893,0.998045,0.999945,1.0002,1.000833,0.999389,0.998832,1.00172,1.004234,0.996685,0.999547,1.002963,0.994745,1.006051,0.998488,1.001052,0.998436,0.998385,1.001462,0.99705,0.997592,1.000796,0.999573,0.998612,1.000073,0.997411,1.002206,1.004897,0.997861,1.002408,0.998485,0.999377,0.998036,1.00186,0.996301,0.999815,1.001042,0.992871,0.998904,0.999672,0.995782,1.000621,0.999626,0.999217,1.000755,1.00373,0.999674,0.999109,0.99767,1.000766,0.99454,1.000751,0.997646,1.002811,0.997954,1.002573,0.999666,1.001429,0.996757,1.002193,1.001285,0.998009,0.999483,0.994673,0.996228,1.000224,0.997137,1.000329,0.999405,0.997552,0.997819,0.998879,0.994749,0.999221,1.000672,0.998749,0.99871,0.999938,1.000895,1.000792,0.999631,0.995715,1.000259,0.999463,0.996995,0.99969,1.001546,1.001319,0.998981,0.999542,1.001452,0.999024,0.999292,0.999443,0.997363,1.001,0.996416,1.001933,1.001824,1.002031,1.004395,0.99914,0.999868,0.999096,0.996985,1.000288,0.999447,0.999505,1.00022,1.001359,0.996951,1.001688,1.002668,1.004424,0.998036,1.000956,0.999436,0.997903,0.999305,0.999877,0.999166
43,0.998927,1.000168,1.000077,0.999134,0.999562,1.001385,1.000476,0.998589,0.997861,0.998816,1.000952,1.001097,1.002078,0.997635,1.001973,1.000967,1.001965,0.999163,1.000079,1.001413,0.999413,0.998841,1.003166,1.00145,1.002149,0.999337,0.997779,0.998497,1.000079,1.000373,0.999907,0.995425,0.998391,0.99708,1.001216,0.999672,1.000705,1.000059,1.001459,1.000704,0.999945,1.002528,0.998851,0.998741,0.999327,0.99995,1.006065,1.000182,0.999596,1.000173,0.997548,1.001455,0.998084,0.999822,1.000862,0.999113,1.000478,1.00124,1.002155,1.00186,1.001506,0.997607,1.001096,0.998815,0.999689,0.999152,0.998415,1.007113,1.00024,1.003934,0.998912,0.998161,0.999989,1.0002,1.000776,0.999535,0.998626,1.001781,1.004787,0.996718,0.999661,1.003035,0.997002,1.007266,0.999413,1.001432,0.998233,0.998808,1.001821,0.998445,0.998031,1.000634,0.999656,0.998779,1.000082,0.997852,1.002239,1.005232,0.997861,1.002346,0.998523,0.99919,0.998467,1.001855,0.996583,0.999488,1.000949,0.993036,0.998937,0.999785,0.996326,1.000509,0.99954,0.999236,1.000375,1.003595,0.999669,0.999112,0.999133,1.000746,0.994835,1.000805,0.998192,1.002542,0.998268,1.006194,0.999584,1.001514,0.99685,1.002389,1.001347,0.997506,0.999369,0.996472,0.997093,1.00014,0.997553,1.000315,0.99937,0.997636,0.998116,0.999366,0.994814,0.999249,1.000468,0.998927,0.99889,0.999986,1.000793,1.000921,1.001087,0.995327,0.999909,0.999539,0.997699,0.999279,1.001495,1.001372,0.998998,0.999519,1.001477,0.999236,0.999697,0.999653,0.997432,1.001441,0.9967,1.001964,1.002017,1.002827,1.004089,0.999289,0.999964,0.999887,0.997705,1.000476,0.999373,0.99967,1.000128,1.001536,0.997957,1.001114,1.001483,1.004159,0.997726,1.000983,0.999766,0.997538,0.999415,0.999809,0.999338
44,0.998982,1.000226,0.999756,0.99913,1.000159,1.001267,1.000508,0.998664,0.99786,0.999164,1.000951,1.0014,1.002118,0.997608,1.002007,1.000936,1.002038,0.999287,1.000051,1.001353,0.99959,0.998969,1.003178,1.001305,1.00212,0.99932,0.997804,0.998525,1.000203,1.000426,1.000142,0.995361,0.998452,0.997002,1.001036,0.999598,1.000748,1.000066,1.001468,1.000758,0.999856,1.002908,0.997965,0.998601,0.99937,0.999952,1.005088,1.000991,0.999583,1.000485,0.997439,1.001189,0.998509,0.999822,1.000875,0.99913,1.00012,1.001126,1.002172,1.002048,1.001655,0.997986,1.000857,0.998978,0.9996,0.999457,0.997998,1.007007,1.000147,1.003839,0.998802,0.998153,1.000105,1.000094,1.000676,0.999529,0.998385,1.00179,1.004771,0.996693,0.999673,1.002887,0.995991,1.007244,0.999068,1.001661,0.998148,0.998707,1.00159,0.99709,0.998246,1.000508,0.999986,0.998997,1.000073,0.997873,1.002214,1.005101,0.998948,1.001953,0.998528,0.9992,0.9986,1.001924,0.996734,0.999196,1.00091,0.993455,0.998865,1.000287,0.99757,1.000503,0.999492,0.999228,1.000969,1.003922,0.999666,0.999113,0.999561,1.000762,0.994867,1.00083,0.998101,1.002496,0.998231,1.006279,0.999593,1.001421,0.996992,1.002547,1.001402,0.998083,0.999041,0.996021,0.997097,1.000142,0.997936,1.000575,0.999397,0.997688,0.99872,0.999332,0.994816,0.999483,1.000472,0.999136,0.998771,1.000359,1.000896,1.000941,1.000678,0.995738,0.999867,0.999343,0.99808,0.999343,1.001506,1.001391,0.999001,0.99958,1.001807,0.99922,0.999748,0.999587,0.997881,1.001537,0.997658,1.002001,1.002028,1.004345,1.003377,0.99946,0.999973,0.999612,0.9977,1.000503,0.999535,0.999445,1.000129,1.001518,0.998001,1.001195,1.002466,1.004253,0.997734,1.000634,0.999746,0.998162,0.999424,0.999698,0.999558
45,0.999232,1.000066,0.999825,0.999524,1.000142,1.002213,1.000484,0.999378,0.997845,0.999393,1.00137,1.000039,1.002069,0.997832,1.002057,1.001455,1.002035,0.999221,1.00006,1.001477,0.999813,0.999545,1.002658,1.001538,1.00216,0.998985,0.997815,0.998959,1.000442,1.000843,1.000378,0.993604,0.99908,0.997013,1.001282,1.000039,1.000889,1.000494,1.001968,1.001179,0.999524,1.003756,0.997319,0.999683,0.999345,1.000425,1.005608,1.001336,1.000028,1.000987,0.997664,1.001023,0.998719,0.999846,1.001429,0.999544,0.999849,1.001209,1.002155,1.002031,1.00145,0.998462,1.000805,0.999641,0.9991,0.999694,0.9984,1.007981,1.000437,1.00435,0.999547,0.998718,1.000123,1.00019,1.000815,0.999829,0.99856,1.001683,1.004442,0.99669,1.000237,1.003103,0.996009,1.007395,0.999485,1.001726,0.998662,0.998653,1.001679,0.997499,0.998297,1.00033,1.000471,0.999349,1.000199,0.997907,1.002235,1.004305,0.998619,1.002275,0.998541,0.999743,0.999002,1.001939,0.997773,0.999246,1.001365,0.994335,0.999372,1.000697,0.997535,1.000265,0.99987,0.999224,1.000917,1.00421,0.999671,0.999143,0.999231,1.000754,0.994899,1.001329,0.99862,1.002137,0.998838,1.006358,0.999754,1.001476,0.997145,1.0025,1.001437,0.998057,0.999037,0.995839,0.997148,1.000491,0.998334,1.000791,1.000249,0.998116,0.998614,0.999223,0.994868,0.99981,1.000758,0.999492,0.999018,1.000678,1.00117,1.001143,1.000505,0.996044,1.000172,0.999857,0.998222,0.999836,1.001583,1.001455,0.999517,0.999575,1.002322,0.999729,0.999467,0.999999,0.997514,1.001749,0.998342,1.002403,1.00228,1.003782,1.003465,0.999593,1.000236,0.999213,0.997714,1.00061,1.000067,0.999531,1.000364,1.00183,0.998524,1.0014,1.002438,1.004525,0.998573,1.000713,0.999821,0.998362,0.999777,0.999956,0.999727
46,0.999453,0.999965,0.999166,0.999256,1.000221,1.001854,1.000526,0.999315,0.997723,0.999449,1.001401,1.000734,1.002068,0.997781,1.00209,1.001743,1.00222,0.999218,0.999896,1.002028,0.999604,0.999403,1.002691,1.001802,1.002259,0.998998,0.997852,0.998978,1.000524,1.000859,1.000374,0.992612,0.999114,0.996393,1.0012,0.999925,1.001111,1.000441,1.001986,1.001034,0.99963,1.003946,0.997551,0.999142,0.99917,1.000316,1.004323,1.001313,1.00006,1.000988,0.997728,1.001535,0.998231,0.999831,1.001506,0.999563,0.99956,1.001241,1.002187,1.001897,1.001526,0.9985,1.001059,0.999691,0.999084,0.999666,0.998255,1.007746,1.000401,1.004577,0.999497,0.998659,1.000106,1.000131,1.000918,0.999364,0.998865,1.001579,1.004188,0.996759,1.000201,1.003423,0.995503,1.007327,0.999661,1.001761,0.998653,0.998768,1.00177,0.997814,0.998371,0.998973,1.00051,0.999654,1.000553,0.997923,1.002216,1.004463,0.999392,1.002264,0.99852,0.999728,0.99916,1.002188,0.997958,0.999267,1.001451,0.994407,0.999172,1.00047,0.997612,1.000433,0.999975,0.99925,1.000947,1.00421,0.999463,0.99914,0.998743,1.000466,0.99483,1.001394,0.998575,1.001606,0.998525,1.006409,1.0,1.001493,0.997041,1.002678,1.001993,0.998698,0.998975,0.995839,0.996816,1.000411,0.998405,1.000807,1.000122,0.997994,0.998676,1.000115,0.99534,0.999799,1.000733,0.999661,0.999151,1.000766,1.001178,1.001243,1.000515,0.995966,1.000154,0.999408,0.998563,1.000143,1.001584,1.001539,0.999551,0.999585,1.002355,0.999764,0.999371,1.000148,0.997514,1.002069,0.998636,1.0026,1.002171,1.004941,1.002855,0.999632,1.001725,0.999544,0.997703,1.000665,1.000089,0.999792,1.000085,1.001664,0.998418,1.001479,1.00197,1.004393,0.998501,1.000542,0.999842,0.998355,0.999781,0.999942,0.999745
47,0.999361,1.000021,0.999584,0.999224,0.999593,1.001754,1.000533,0.999523,0.997329,0.999662,1.00139,1.000487,1.00204,0.998149,1.001839,1.001689,1.002182,0.999274,1.000259,1.002587,0.999582,0.999349,1.003121,1.0018,1.002263,0.999028,0.997845,0.998902,1.000551,1.001064,1.000178,0.99351,0.999167,0.996423,1.001556,0.999907,1.001095,1.000197,1.001812,1.001161,0.999137,1.003795,0.997531,0.999188,0.999151,1.000223,1.00468,1.001339,1.000155,1.000419,0.99799,1.001521,0.998312,0.999832,1.001447,0.9994,1.000428,1.001241,1.002333,1.001907,1.001632,0.998805,1.001234,0.999402,0.99874,0.999644,0.998219,1.00778,1.00031,1.004568,0.998846,0.998571,1.000107,0.999979,1.000969,0.99933,0.998796,1.001486,1.004139,0.996827,1.000211,1.00348,0.99587,1.007366,0.999806,1.002029,0.998878,0.999191,1.001457,0.998312,0.998474,0.999208,1.000492,0.999635,1.000666,0.997955,1.002291,1.004984,0.999313,1.002329,0.998517,0.999722,0.999178,1.001873,0.997609,0.999201,1.00127,0.994407,0.999033,1.000145,0.997318,1.000463,0.999837,0.999254,1.00066,1.004218,0.999411,0.999136,0.998674,1.000451,0.994882,1.001,0.998621,1.001585,0.998591,1.006418,0.999994,1.001499,0.996831,1.002449,1.002012,0.999021,0.998641,0.995837,0.996915,1.000446,0.998839,1.000667,1.000234,0.998115,0.998471,0.999985,0.994956,0.99975,1.000717,0.999659,0.999065,1.000687,1.001206,1.001196,0.999401,0.996024,1.000429,0.999784,0.998317,0.999658,1.001622,1.001496,0.999563,0.999585,1.002196,0.999735,0.99964,1.000096,0.997471,1.001787,0.998163,1.002505,1.002093,1.004412,1.003035,0.999641,1.002161,0.99954,0.997706,1.000418,1.00007,0.999731,0.999858,1.001641,0.998482,1.001098,1.002145,1.004393,0.998627,1.00081,1.000284,0.998353,0.99962,0.999811,0.999707
48,0.999472,1.00075,0.999908,0.999294,1.000167,1.001766,1.000349,0.999606,0.999224,0.999811,1.001522,1.001376,1.002134,0.998203,1.00212,1.001684,1.003452,0.998839,1.000084,1.00233,0.999255,0.999292,1.003949,1.001951,1.002273,0.999039,0.997861,0.999195,1.000483,1.000841,1.000392,0.993751,0.998973,0.996463,1.001224,0.999701,1.00096,1.000212,1.001757,1.001,0.998633,1.003938,0.998043,0.999737,0.999186,1.000421,1.003744,1.001349,1.000716,1.000082,0.998093,1.002082,0.998275,0.999845,1.001355,0.998939,1.000389,1.001302,1.002637,1.002041,1.00204,0.999243,1.00099,0.999169,0.998375,0.999424,0.998596,1.008193,1.00032,1.004338,0.998922,0.998657,1.00014,1.000008,1.00122,0.999402,0.998825,1.002106,1.004094,0.996769,1.000382,1.003615,0.996121,1.007762,0.999959,1.002046,0.999117,0.999229,1.00164,0.996765,0.99844,0.999083,1.00076,0.999666,1.00119,0.997982,1.002234,1.004984,0.999662,1.002565,0.998526,0.999591,0.999151,1.001899,0.997566,0.999257,1.001472,0.994033,0.999256,1.000167,0.99715,1.00042,0.999943,0.999253,1.000536,1.004218,0.999393,0.999141,0.998712,1.000662,0.995416,1.000662,0.998626,1.001601,0.999059,1.00658,1.000379,1.001539,0.996872,1.002677,1.001954,0.99905,0.998768,0.995835,0.99719,1.00063,0.999025,1.000896,1.000229,0.99815,0.998883,1.000624,0.994991,0.999752,1.000755,0.999492,0.999058,1.000718,1.001216,1.001341,1.000831,0.996034,1.000409,0.999758,0.998295,1.000087,1.001628,1.001579,0.99974,0.999574,1.002161,0.999767,0.999641,1.000158,0.99759,1.001488,0.9985,1.002599,1.002258,1.004417,1.002926,0.999576,1.0011,0.999751,0.99771,1.000461,1.000125,1.000107,0.999749,1.001678,0.998191,1.0012,1.001752,1.004332,0.998803,1.000842,1.00011,0.998484,0.999132,0.999889,0.999721
49,0.999342,1.000633,0.999708,0.999363,1.000009,1.002062,1.000347,0.999377,0.998728,0.999596,1.001537,1.000498,1.002318,0.998091,1.001982,1.001571,1.003452,0.998673,1.000059,1.00151,0.999377,0.999329,1.002864,1.001902,1.002192,0.999434,0.997968,0.999076,1.000556,1.000857,1.000416,0.992534,0.998761,0.996038,1.001252,0.999754,1.000869,1.000078,1.001975,1.001157,0.998217,1.003762,0.99918,0.999553,0.999484,1.000096,1.00338,1.000722,1.000611,1.000144,0.997964,1.001984,0.997843,0.999828,1.001267,0.999074,1.000463,1.001345,1.002565,1.002256,1.001852,0.999158,1.001613,0.999013,0.998496,0.999568,0.998236,1.008237,1.000099,1.004376,0.9991,0.998842,1.000151,0.999975,1.001193,0.999524,0.998905,1.001928,1.00391,0.996722,1.000199,1.003647,0.995916,1.007656,1.000062,1.001905,0.999053,0.99935,1.001284,0.998338,0.998408,0.99898,1.000905,0.999642,1.000901,0.998684,1.002002,1.00659,0.999356,1.002287,0.998755,0.999677,0.999273,1.001804,0.997074,0.999307,1.001245,0.994236,0.998997,0.999948,0.997044,1.000418,0.999492,0.999261,1.000537,1.0039,0.999956,0.99916,0.999184,1.000863,0.995321,1.002569,0.998558,1.001635,0.998782,1.00626,0.999799,1.001527,0.996915,1.002678,1.001955,0.998503,0.998416,0.996945,0.997116,1.000439,0.998864,1.000755,1.000286,0.997804,0.998636,1.000199,0.994915,0.999906,1.00027,0.999607,0.999245,1.000716,1.001196,1.001188,1.000644,0.996118,1.000432,0.999823,0.998239,0.99985,1.001592,1.002066,0.999732,0.999578,1.002115,0.999618,0.999996,1.000143,0.99759,1.00149,0.999237,1.002484,1.001632,1.004261,1.002864,0.99961,0.999823,0.999565,0.997715,1.000368,0.999763,0.999569,0.99986,1.001637,0.999325,1.001393,1.001904,1.004918,0.998625,0.999874,1.00029,0.998455,0.999711,0.999921,0.999703
50,0.999425,1.000636,1.00043,0.999489,0.99996,1.002031,1.000346,0.999292,0.998404,0.999831,1.00159,1.001199,1.002612,0.998412,1.002101,1.00168,1.002207,0.998936,1.000039,1.000949,0.999424,0.999415,1.002711,1.001961,1.002255,0.999613,0.997845,0.999151,1.000377,1.001054,1.000521,0.992539,0.998861,0.996045,1.001297,0.999928,1.00123,1.000478,1.002103,1.001443,0.998358,1.003858,0.999404,0.998722,0.999622,1.000249,1.003335,1.000916,1.000745,1.000363,0.997899,1.00165,0.998233,0.999829,1.001441,0.999481,1.000079,1.00132,1.002805,1.002561,1.002008,0.998833,1.000887,0.99901,0.998516,0.999715,0.998636,1.00889,1.000123,1.004291,0.998564,0.998914,1.00015,1.000164,1.00121,0.99966,0.999187,1.001912,1.004059,0.996738,1.000432,1.003766,0.996479,1.00747,1.000152,1.002133,0.999397,0.999415,1.001686,0.998209,0.998467,0.999115,1.001224,0.999655,1.000875,0.998848,1.002005,1.007005,0.999537,1.002717,0.998941,0.99972,0.999306,1.001803,0.997104,0.999782,1.001171,0.994955,0.999054,1.000394,0.997328,1.000267,0.999731,0.999252,1.000553,1.003862,0.999996,0.998907,0.999772,1.001067,0.995268,1.002802,0.998951,1.001652,0.999108,1.006324,0.999921,1.001818,0.996947,1.002827,1.002024,0.998045,0.998208,0.997167,0.997097,1.000589,0.998983,1.000838,1.000276,0.997805,0.998732,1.000224,0.994914,0.999932,1.000401,0.999675,0.998155,1.000715,1.001179,1.001294,1.000896,0.99602,1.000356,0.999584,0.998037,0.999771,1.001714,1.002106,0.999759,0.999841,1.002634,0.999006,1.000416,1.000487,0.997563,1.002077,0.999418,1.002724,1.001632,1.004171,1.002991,0.999955,0.999798,0.999657,0.998539,1.000655,1.000184,0.999511,0.999756,1.001642,0.999569,1.001497,1.002296,1.005224,0.998748,1.000023,1.00028,0.998456,0.999654,1.000016,0.999748
51,0.999579,1.000597,1.000173,0.999546,1.000163,1.002271,1.000442,0.998997,0.998674,0.999784,1.001543,1.001736,1.002691,0.998197,1.002265,1.001769,1.002266,0.99885,0.999718,1.000746,0.999469,0.999445,1.002719,1.001955,1.002432,0.999651,0.997882,0.999111,0.999669,1.001259,1.000546,0.992596,0.998874,0.995994,1.001332,0.99976,1.001217,1.000466,1.002239,1.001393,0.99824,1.004019,0.999794,0.998678,0.999651,1.000382,1.003356,1.001208,1.000756,1.000357,0.997905,1.002166,0.998254,0.999806,1.001356,0.999498,1.00008,1.00207,1.002741,1.002534,1.002328,0.998686,1.001068,0.999228,0.999788,0.999793,0.998627,1.008685,1.000185,1.003971,0.998757,0.998916,0.999373,1.000368,1.001061,0.999662,0.998965,1.002508,1.0041,0.996724,1.000386,1.003802,0.996153,1.008063,1.000175,1.00221,0.999419,0.999584,1.001706,0.998192,0.998528,0.999019,1.001294,0.999849,1.000713,0.997929,1.002041,1.007099,1.000593,1.002747,0.998934,0.999703,0.999304,1.001808,0.997233,0.999879,1.00134,0.994808,0.999217,1.000302,0.997467,1.000313,0.999791,0.999191,1.001096,1.003902,1.000088,0.998869,0.999751,1.001062,0.995229,1.002798,0.998858,1.001764,0.998695,1.006294,1.000016,1.001901,0.996911,1.002869,1.001989,0.997863,0.998455,0.997212,0.997109,1.000739,0.998854,1.000816,1.000201,0.998088,0.998514,1.000369,0.994753,1.000014,1.000601,0.999664,0.9989,1.000698,1.001178,1.001514,1.000241,0.995937,1.000491,0.999809,0.997949,0.999785,1.001752,1.002118,0.999769,0.999845,1.002819,0.999069,1.000284,1.000466,0.997285,1.002018,0.999459,1.002817,1.001735,1.004146,1.003217,1.000154,1.000466,0.999631,0.998534,1.000624,1.000173,0.999652,1.000023,1.001632,0.999756,1.001846,1.00216,1.005048,0.998717,1.000342,1.000173,0.998549,0.999728,1.00018,0.999756
52,0.999426,1.001098,1.000288,0.999569,1.000534,1.001975,1.000432,0.998816,0.999084,0.999766,1.001618,1.002304,1.002785,0.998305,1.002405,1.001882,1.00229,0.99891,0.999859,1.000733,0.999368,0.999442,1.003351,1.002109,1.002709,0.999983,0.997883,0.999209,0.999767,1.000757,1.000511,0.992574,0.998845,0.995986,1.001051,0.99987,1.001275,1.00045,1.002314,1.001634,0.998115,1.004198,1.000366,0.998751,0.999444,1.000513,1.003356,1.001503,1.0007,1.00038,0.997915,1.002114,0.998299,0.999545,1.001571,0.99953,1.000213,1.00182,1.002757,1.002491,1.002275,0.998637,1.001278,0.999112,1.000181,0.999909,0.998609,1.008834,1.00017,1.004711,0.999331,0.998726,0.999208,1.000399,1.001156,0.999714,0.999076,1.002858,1.00412,0.997555,1.000346,1.003989,0.996392,1.007254,1.000201,1.002263,0.99937,0.999152,1.001849,0.99808,0.998458,0.999272,1.001194,0.999991,1.000713,0.997981,1.002024,1.005465,1.001028,1.002438,0.998953,0.999697,0.999345,1.001816,0.997143,0.999868,1.001227,0.994691,0.999206,1.000376,0.997391,1.000123,0.999926,0.998602,1.000496,1.003917,1.000023,0.99888,0.999748,1.001192,0.995259,1.002307,0.998852,1.001963,0.998643,1.006308,1.00016,1.001865,0.996835,1.002763,1.002029,0.997791,0.998427,0.99711,0.997395,1.000685,0.998765,1.000984,1.00022,0.998019,0.99796,1.000292,0.994291,0.99969,1.000768,0.999659,0.998708,1.000681,1.001174,1.001751,1.001583,0.995955,1.000336,0.999896,0.997855,0.99969,1.001709,1.002201,0.999798,1.000095,1.002959,0.999458,1.000292,1.000414,0.997081,1.002049,0.998985,1.002784,1.00225,1.004557,1.003316,1.000116,0.999864,0.999425,0.998743,1.000772,1.00013,0.999646,0.999986,1.001535,1.000013,1.001951,1.001856,1.005241,0.998513,1.000335,1.000737,0.998553,0.999716,1.0001,0.999735
53,0.999455,1.000649,0.999958,0.999288,1.001114,1.001347,1.000432,0.998993,0.998577,0.99948,1.001585,1.000828,1.002872,0.998326,1.002274,1.001555,1.002426,0.998844,0.999669,1.001723,0.998881,0.999434,1.003409,1.00211,1.002622,1.000002,0.997832,0.99896,0.99974,1.001179,1.000503,0.99259,0.998717,0.99594,1.000982,0.999627,1.001074,1.000329,1.002202,1.001529,0.997503,1.004053,1.000382,0.998798,0.999065,1.000071,1.003331,1.0015,1.000461,1.000398,0.9979,1.001617,0.9982,0.999538,1.001275,0.999544,1.000261,1.001406,1.00269,1.002101,1.001996,0.998619,1.001092,0.998996,1.000181,0.999684,0.99819,1.009086,0.999907,1.004472,0.999436,0.998501,0.99918,1.000314,1.000938,0.999562,0.998723,1.002601,1.004222,0.997453,1.000355,1.00357,0.996451,1.007388,1.000018,1.001892,0.999548,0.999015,1.00164,0.997078,0.998203,0.999219,1.000878,0.999987,1.000757,0.997995,1.001831,1.007006,1.000007,1.002263,0.999207,0.99953,0.999069,1.000206,0.997353,0.999893,1.000851,0.994362,0.998914,1.000232,0.997456,1.000118,0.9999,0.998582,1.00058,1.003909,0.99997,0.998879,0.999657,1.001074,0.995239,1.002307,0.998944,1.00157,0.998446,1.006411,0.999973,1.001832,0.996573,1.002876,1.002011,0.997545,0.998313,0.997257,0.997144,1.000395,0.998586,1.000779,1.000225,0.997801,0.99809,1.000906,0.99395,0.999638,1.000565,0.999683,0.998345,1.000667,1.00114,1.001668,1.000622,0.995913,1.000154,0.999669,0.997634,0.999539,1.001499,1.002121,0.999791,1.000161,1.002371,0.999298,1.000321,1.000486,0.997196,1.001771,0.999026,1.002312,1.002045,1.004477,1.002733,1.000108,0.99974,0.999253,0.998535,1.000693,0.999914,0.999561,0.999862,1.001572,0.999327,1.001656,1.00208,1.005022,0.99855,0.999451,1.000369,0.998558,0.999715,0.999837,0.999191
54,0.999375,1.000587,1.000649,0.999424,1.001238,1.002159,1.000038,0.998891,0.998529,0.999442,1.001379,1.000784,1.002853,0.998435,1.002204,1.001525,1.002426,0.998957,0.999693,1.000472,0.998941,0.999618,1.003403,1.002241,1.002612,1.000101,0.997885,0.998975,1.000056,1.001145,1.000549,0.993876,0.998613,0.996203,1.001077,0.999874,1.000916,1.000266,1.002097,1.001484,0.997756,1.004152,1.000121,0.99879,0.999309,1.000254,1.003894,1.001309,1.00075,1.000401,0.998199,1.00155,0.998181,0.999218,1.00123,0.999498,1.000281,1.001748,1.002932,1.002372,1.00186,0.998626,1.00149,0.998984,0.999872,0.999634,0.998236,1.008985,0.999905,1.004882,0.999745,0.998523,0.999187,1.00048,1.000978,0.999431,0.998675,1.002453,1.004293,0.997469,1.000345,1.003842,0.996069,1.007579,1.000474,1.001857,0.999524,0.998903,1.001815,0.998076,0.997969,0.999282,1.00113,0.999916,1.000812,0.997979,1.001745,1.006967,1.000364,1.002144,0.999195,0.999523,0.998961,1.001201,0.997916,0.999887,1.000976,0.994667,0.998916,1.000187,0.997418,1.000149,0.999855,0.99856,1.001023,1.003852,0.999996,0.998818,0.999796,1.001054,0.994985,1.001425,0.999001,1.001349,0.998382,1.006323,1.000005,1.001851,0.996576,1.002912,1.00201,0.997045,0.997989,0.997892,0.997126,1.000389,0.998508,1.001112,1.000253,0.997841,0.997808,1.000417,0.993824,0.999639,1.000581,0.99966,0.997752,1.000675,1.000746,1.001601,1.001557,0.995903,1.00023,0.999519,0.997555,0.999413,1.001505,1.002144,0.999807,1.000058,1.002174,0.999339,1.000519,1.000042,0.997113,1.001297,0.999349,1.002556,1.00201,1.004534,1.003036,1.000232,0.999868,0.998946,0.998511,1.000771,1.000429,0.999531,0.99971,1.001594,0.998858,1.001693,1.001821,1.005131,0.998583,0.999695,1.000761,0.99846,0.99971,1.000156,0.999376
